corpus,file,s_id,n_quotation,n_ambiguous,n_transl,form_original,transl
NTUFormosanCorpus,Corpora/NTUFormosanCorpus/XML/Stories/Amis/Amis_Amis_Nr-frog_cinhua.xml,Amis_Nr-frog_cinhua_S_14,0,3,2,itini i hakini tuna 'pung sa'an ku falucu' nira a miceli'.,"「是否在這個洞裡呢?」他這樣說,呼叫著. || 'Is it inside this hole?' he said so and called."
Glosbe,Corpora/Glosbe/XML/ami/Glosbe_ami_eng_tmem.xml,GLOSBE_ami_eng_TMEM_U000037,0,1,1,"Taneng 3:11, 12 sanay: 'Wawaaw ako, aka mana'ay to sarikec ni Yihofa... samanen o kaolahan ni Yihofa a tamdaw mirikecan Ningra.'","""My son, do not reject the discipline of Jehovah... for those whom Jehovah loves he reproves,"" says Proverbs 3:11, 12."
Glosbe,Corpora/Glosbe/XML/ami/Glosbe_ami_eng_tmem.xml,GLOSBE_ami_eng_TMEM_U000141,0,1,1,"So'lin ano caka pasowal cangra, latek mamatira ci Tafitian ko harateng nangra: 'Nanay pahemeken no tamdaw kiso to nika citanengay kiso!'","Whether they verbalize it or not, they may feel like David, who said: ""Blessed be your good sense!"""
Glosbe,Corpora/Glosbe/XML/ami/Glosbe_ami_eng_tmem.xml,GLOSBE_ami_eng_TMEM_U000252,0,3,1,"Ano mifalahan mipatayan no tamdaw ci Yis, wa misamaan a malo 'ta'enengan a fakeloh no loma'' cingra hani?","If Jesus was rejected and killed, how could he become ""the chief cornerstone""?"
Glosbe,Corpora/Glosbe/XML/ami/Glosbe_ami_eng_tmem.xml,GLOSBE_ami_eng_TMEM_U000268,0,2,1,"Matira o sapali'ayaw no Fangcalay Cudad, ci Yihofa naitiniay i 'kasakitakit, kasangasaw, kasafinacadan' palisopsop to 'alomanay a tamdaw, o ""masasi romaromaay ko sowal nangra,"" mala o ""ci'icelay a kitakit"", mata'lifayto ko 800 a 'ofad ko ka'aloman nangra.","As the Bible foretold, Jehovah is gathering ""a great crowd... out of all nations and tribes and peoples and tongues."""
Glosbe,Corpora/Glosbe/XML/ami/Glosbe_ami_eng_tmem.xml,GLOSBE_ami_eng_TMEM_U000303,0,2,1,"O roma mihongyakan a Fangcalay Cudad, o 'cango'otay' mihongyakan to ""awaay ko kapo"", ""awaay ko epoc,"" ""cowa ko kalimelaan.""","In other Bible translations, the word for ""beggarly"" is rendered ""useless,"" ""bankrupt,"" ""destitute,"" and ""miserable."""
Glosbe,Corpora/Glosbe/XML/ami/Glosbe_ami_eng_tmem.xml,GLOSBE_ami_eng_TMEM_U000320,0,2,1,O sowal no Fangcalay Cudad o matiniay tamdaw 'macepetay no acang no hekal' cangra.,"The phrase ""lovers of pleasures"" aptly describes those who are ""carried away by... pleasures of this life."""
Glosbe,Corpora/Glosbe/XML/ami/Glosbe_ami_eng_tmem.xml,GLOSBE_ami_eng_TMEM_U000329,0,2,1,"Kawra, oni Yihofa kita, mihaenay patalipa'elalay ko Fangcalay Cudad kitaanan 'falahen ko caka ngodo a faloco' ato coos no hekal, toni lekakawa matatodong ko harateng, moecel, mangodo ko ka'orip.'","Yet, because we belong to Jehovah, we are admonished to ""reject ungodliness and worldly desires and to live with soundness of mind and righteousness and godly devotion amid this present system of things."""
Glosbe,Corpora/Glosbe/XML/ami/Glosbe_ami_eng_tmem.xml,GLOSBE_ami_eng_TMEM_U000423,0,1,1,Sowal no Fangcalay Cudad: 'O mafolaay miapohay to faloco'no wawa.',"The Bible says that ""foolishness is bound up in the heart of a child."""
Glosbe,Corpora/Glosbe/XML/ami/Glosbe_ami_eng_tmem.xml,GLOSBE_ami_eng_TMEM_U000477,0,1,1,"Saka 2 Korinto 3:17, sanay ko sowal, 'icowaay ko fangcalay saocor ni Yihofa, iraay ko pasalat itira.'","As stated at 2 Corinthians 3:17, ""where the spirit of Jehovah is, there is freedom."""
Glosbe,Corpora/Glosbe/XML/ami/Glosbe_ami_eng_tmem.xml,GLOSBE_ami_eng_TMEM_U000518,0,3,1,'Itini i saikoray lintad o pasangaray a si'ayawen a 'awaled' sanay ci Pawlo.,"""The last days,"" wrote the apostle Paul, would bring ""critical times hard to deal with."""
Glosbe,Corpora/Glosbe/XML/ami/Glosbe_ami_eng_tmem.xml,GLOSBE_ami_eng_TMEM_U000558,0,1,1,"Itini Loma 15:5 somowalay to pairaen ko 'harateng ni Kristo Yis,' sanay.","And Romans 15:5 refers to having ""the same mental attitude that Christ Jesus had."""
Glosbe,Corpora/Glosbe/XML/ami/Glosbe_ami_eng_tmem.xml,GLOSBE_ami_eng_TMEM_U000567,0,2,1,"Itini Yohani 15:4 to 10 toni pina sinael, kinapinaay masowal ni Yis ko 'mararid' sanay a tilid, paihekal to kalimelaan ko mihadidiay.","Jesus stressed the need for endurance by using forms of the word ""remain"" over and over in the brief passage recorded at John 15:4-10."
Glosbe,Corpora/Glosbe/XML/ami/Glosbe_ami_eng_tmem.xml,GLOSBE_ami_eng_TMEM_U000627,0,4,1,"Sanay ko sowal no Kawas: 'Wa mahecad kamo o 'engaenga a komaen to hacol, 'afofoen i falohang a mipohpoh, itini cepi' a mikalona.","""You will nurse and be carried on the hip, and you will be bounced on the knees."
Glosbe,Corpora/Glosbe/XML/ami/Glosbe_ami_eng_tmem.xml,GLOSBE_ami_eng_TMEM_U000950,0,2,1,Samaan a malo 'hafay' iso ci Yihofa?,"make Jehovah your ""portion""?"
Glosbe,Corpora/Glosbe/XML/ami/Glosbe_ami_eng_tmem.xml,GLOSBE_ami_eng_TMEM_U001038,2,0,1,"Mahecaday kita ci Yihofaan, makalimay micada ko tamdaw to so'linay kimad a 'ma'orip'.","Like Jehovah, we dearly wish that people would respond to the message and ""keep living."""
Glosbe,Corpora/Glosbe/XML/ami/Glosbe_ami_eng_tmem.xml,GLOSBE_ami_eng_TMEM_U001069,0,5,1,"Kalimelaan ko 'kafana' ita' ci Yihofaan ato 'paso'lin a miti'er' to wawa Ningra ci Yisan, nganga'ay milifok to tahada'ocay 'orip.","The only path to everlasting life involves ""coming to know"" Jehovah and ""exercising faith"" in Jesus, His only-begotten Son."
Glosbe,Corpora/Glosbe/XML/ami/Glosbe_ami_eng_tmem.xml,GLOSBE_ami_eng_TMEM_U001100,0,2,1,"'O Moecelay Tamdaw, Pakayniay ci Yihofaan a Lipahak'","""The Righteous One Will Rejoice in Jehovah"""
Glosbe,Corpora/Glosbe/XML/ami/Glosbe_ami_eng_tmem.xml,GLOSBE_ami_eng_TMEM_U001143,0,2,1,"Misamanay hano 'o misa'adaay ci Yihofaan, awaay ko taneng' hani?","Why is there ""no wisdom... in opposition to Jehovah""?"
Glosbe,Corpora/Glosbe/XML/ami/Glosbe_ami_eng_tmem.xml,GLOSBE_ami_eng_TMEM_U001210,0,1,1,Sanay ko ca'of ni Yis: 'Cowa ko noni hekal ko Hongti Kitakit ako.',"Jesus answered: ""My Kingdom is no part of this world."""
Glosbe,Corpora/Glosbe/XML/ami/Glosbe_ami_eng_tmem.xml,GLOSBE_ami_eng_TMEM_U001228,0,1,1,'Ayaw no somowal ci Yis to kilang no fadisoso'a sapatinako pasowalay to tarokos: 'Pafelien ako kamo to dipayal no mako.',"Earlier on that last evening before his death, Jesus told his apostles: ""I give you my peace."""
Glosbe,Corpora/Glosbe/XML/ami/Glosbe_ami_eng_tmem.xml,GLOSBE_ami_eng_TMEM_U001247,0,3,1,Samanay ci Yis malo 'ta'enengan a fakeloh no loma'' hani?,"How could Jesus become ""the chief cornerstone""?"
Glosbe,Corpora/Glosbe/XML/ami/Glosbe_ami_eng_tmem.xml,GLOSBE_ami_eng_TMEM_U001266,0,1,1,"Mikayatan no coyoh ci Filipan, tayra i 'a'ayaw noniya Iciyopiya tamdaw, 'milasil to nga'ayay ratoh ni Yis cingranan.'","Prompted by Jehovah's angel, Philip approached the Ethiopian and ""declared to him the good news about Jesus."""
Glosbe,Corpora/Glosbe/XML/ami/Glosbe_ami_eng_tmem.xml,GLOSBE_ami_eng_TMEM_U001286,0,3,1,"Palimo'otay ci Yis to nisawawaan padama to tamdaw 'malo Krisciyang..., mipaino' cangranan,' sanay.","Just about a year before Jesus gave the commission to ""make disciples..., baptizing them,"" he provided insight into what would be required of his followers."
Glosbe,Corpora/Glosbe/XML/ami/Glosbe_ami_eng_tmem.xml,GLOSBE_ami_eng_TMEM_U001294,0,3,1,"Sowal ni Yis ci Akoma Satan 'miliyangay to so'linay kimad, samanen awaay ko so'linay kimad ilaloma' ningra.'","In explaining the Devil's actions, Jesus stated: ""He did not stand fast in the truth, because truth is not in him."""
Glosbe,Corpora/Glosbe/XML/ami/Glosbe_ami_eng_tmem.xml,GLOSBE_ami_eng_TMEM_U001319,2,0,1,"Mikitini i sakayat no 'madimadiay inanengay a koli', wa samaan mahapinang ita to ciharatengay ci Yis to no'adingoan a pakayraan ita hani?","How is Christ's concern for our spiritual welfare clearly reflected in the direction given by ""the faithful and discreet slave""?"
Glosbe,Corpora/Glosbe/XML/ami/Glosbe_ami_eng_tmem.xml,GLOSBE_ami_eng_TMEM_U001333,0,2,1,Misamaanay hano o 'salakatay milidongan' ci Yis hani?,"Why is it significant that Jesus is ""the firstfruits""?"
Glosbe,Corpora/Glosbe/XML/ami/Glosbe_ami_eng_tmem.xml,GLOSBE_ami_eng_TMEM_U001340,0,1,1,Sanay ko sowal ni Yis to nisawawaan: 'Padotoc kamo a ciheci... mihaen mapa'dil ko Wama ako.',"Jesus told his apostles: ""My Father is glorified in this, that you keep bearing much fruit."""
Glosbe,Corpora/Glosbe/XML/ami/Glosbe_ami_eng_tmem.xml,GLOSBE_ami_eng_TMEM_U001342,0,2,1,"Sowal ni Yis, 'ano mararid kamo mitoor to sowal ako' sa i, tatodong noni sowal, ano sapilifokaw ko tamdaw to pasalat, mitoor to patirengan ningra a sa'osi, o sanay.","Jesus' statement ""if you remain in my word"" implies that there are certain requirements or boundaries for being set free by him."
Glosbe,Corpora/Glosbe/XML/ami/Glosbe_ami_eng_tmem.xml,GLOSBE_ami_eng_TMEM_U001348,0,3,1,Samaan kita mikilim to o cima ko 'citatodongay milifok to tahada'ocay 'orip a tamdaw' hani?,"How can we know who are ""rightly disposed for everlasting life,"" and how can we find them?"
Glosbe,Corpora/Glosbe/XML/ami/Glosbe_ami_eng_tmem.xml,GLOSBE_ami_eng_TMEM_U001383,0,1,1,"Cowa ko pilengo aca no Taneng 23:23 to mi'aca to so'linay kimad, pasowalayho to mami'aca kita to 'taneng, sapirikec, saka cipinang.'","In addition to buying truth, Proverbs 23:23 says that we should also buy ""wisdom and discipline and understanding."""
Glosbe,Corpora/Glosbe/XML/ami/Glosbe_ami_eng_tmem.xml,GLOSBE_ami_eng_TMEM_U001404,2,0,1,"Cowa ko pitadi'ec aca nangra to Kawas, misadayayho a milood, mahecad o pahatatanaman a sofitay, mica'edongay cangra to 'sapafeli no Kawas polong a sapilood a riko'.'","Like well-trained soldiers, they have ""put on the complete suit of armor from God."""
Glosbe,Corpora/Glosbe/XML/ami/Glosbe_ami_eng_tmem.xml,GLOSBE_ami_eng_TMEM_U001500,0,1,1,"Padotoc kamo a ciheci, paihekal to nisawawaan ako kamo, mihaen mapa'dil ko wama ako.'","""My Father is glorified in this, that you keep bearing much fruit and prove yourselves my disciples."""
Glosbe,Corpora/Glosbe/XML/ami/Glosbe_ami_eng_tmem.xml,GLOSBE_ami_eng_TMEM_U001569,0,2,1,"Ano mahaen 'o sasafaay' ko demak ako, wa mikangodo ko tao takowanan han?""","If I conduct myself ""as a lesser one,"" might people lose respect for me?'"
Glosbe,Corpora/Glosbe/XML/ami/Glosbe_ami_eng_tmem.xml,GLOSBE_ami_eng_TMEM_U001594,0,3,1,"Pasowalan ni Yis ko nisawawaan: 'Ano micerid kamo midofdof to sowal ako, o so'linayto a nisawawaan ako. Wa mafana' kamo to so'linay kimad, wa pasalaten no so'linay kimad kamo.'","Jesus said to his followers: ""If you remain in my word, you are really my disciples, and you will know the truth, and the truth will set you free."""
Glosbe,Corpora/Glosbe/XML/ami/Glosbe_ami_eng_tmem.xml,GLOSBE_ami_eng_TMEM_U001647,0,2,1,Misamaanay hano 'adihayay ko roray' no roma tamdaw anini hani?,"What causes people today to ""multiply their sorrows""?"
Glosbe,Corpora/Glosbe/XML/ami/Glosbe_ami_eng_tmem.xml,GLOSBE_ami_eng_TMEM_U001682,3,5,1,"Anini, iraay ko tokel tayra i kakarayan 'mimingay 'opo a siri' ato iraay ko tokel i fafekang no sera tahada'oc ma'orip a 'roma lopay'ay siri' malo 'cecayay 'opo', sahtoay o kalimlaan ni Yihofa a finawlan cangra.","Today, the ""little flock,"" with a heavenly hope, and the ""other sheep,"" with an earthly hope, compose the ""one flock"" that Jehovah highly regards as his people."
Glosbe,Corpora/Glosbe/XML/ami/Glosbe_ami_eng_tmem.xml,GLOSBE_ami_eng_TMEM_U001821,2,0,1,"Kawra, hinatalaay cangra to sakaira no 'romi'ad ni Yihofa', mipala'afo toni tatiihay a hekal.","Rather, they await the end of this wicked system of things during ""Jehovah's day."""
Glosbe,Corpora/Glosbe/XML/ami/Glosbe_ami_eng_tmem.xml,GLOSBE_ami_eng_TMEM_U001873,0,2,1,Wa 'padotoc a ciheci' cangra.,"They had to ""go and keep bearing fruit."""
Glosbe,Corpora/Glosbe/XML/ami/Glosbe_ami_eng_tmem.xml,GLOSBE_ami_eng_TMEM_U001882,0,2,1,"Mahecaday ko harateng ni Yis, miocoran ningra ko 70 tamdaw a mitosil, samanen nga'ayay ko minaro'an 'lipahakay a minokay' cangra, pakahemekay konini ci Yisan.","Jesus also experienced great happiness when the 70 preachers whom he had sent out to the field ""returned with joy"" because of the favorable results they had experienced."
Glosbe,Corpora/Glosbe/XML/ami/Glosbe_ami_eng_tmem.xml,GLOSBE_ami_eng_TMEM_U002006,0,2,1,"Itiniay i saka cecay hahekalan, o roma tamdaw hano 'pa'aca' to so'linay kimad hani?","In the first century, why did some ""sell"" the truth?"
Glosbe,Corpora/Glosbe/XML/ami/Glosbe_ami_eng_tmem.xml,GLOSBE_ami_eng_TMEM_U002024,2,0,1,"Misamaanay o tarokos ci Pawlo hano palimo'ot to Hiprayay a Krisciyang, 'tongalen ko pisa'icel a pakalalolalok' saan hani?","Why did the apostle Paul exhort the early Hebrew Christians to encourage one another ""all the more so""?"
Glosbe,Corpora/Glosbe/XML/ami/Glosbe_ami_eng_tmem.xml,GLOSBE_ami_eng_TMEM_U002040,0,4,1,"Tooren ko lalangian no 'Olic saka 3 fedengan, oniya 'Olic itiniay 'piliyas ni Tafiti to wawa ci Apsaloman' a tiliden.","The superscription of Psalm 3 indicates that it was composed when David ""was fleeing from his son Absalom."""
Glosbe,Corpora/Glosbe/XML/ami/Glosbe_ami_eng_tmem.xml,GLOSBE_ami_eng_TMEM_U002105,0,2,1,"Misaka dademakay cingra to safalod i Taneng 20:5, mitala to matatodongay a toki 'pakapipatalahkal to harateng' no mako, kawrira cowa koyaan hahimeden a demak.""","""Then she will apply the principle found at Proverbs 20:5, even when this means waiting for the right time to 'draw out' my thoughts if it is a matter that I am free to discuss with her."""
Glosbe,Corpora/Glosbe/XML/ami/Glosbe_ami_eng_tmem.xml,GLOSBE_ami_eng_TMEM_U002124,0,2,1,"Ano misetek kita to faloco'midopo to Kawas i, sasamaan Cingra padama kitaanan 'pakalowid' to mararaway a coos hani?","How does Jehovah help us to ""get the mastery over"" sinful inclinations when we take a firm stand on his side?"
Glosbe,Corpora/Glosbe/XML/ami/Glosbe_ami_eng_tmem.xml,GLOSBE_ami_eng_TMEM_U002127,2,0,1,Sanay ko sowal ni Marta: 'Mafana' kako to nika o mamiliyaw a ma'orip cingra nai patay i saikoray a romi'ad.',"She said: ""I know he will rise in the resurrection on the last day."""
Glosbe,Corpora/Glosbe/XML/ami/Glosbe_ami_eng_tmem.xml,GLOSBE_ami_eng_TMEM_U002209,1,2,1,"Isalakatay a somowal ci Pawlo to 'micoliay micongangah to wama wina', aikor somowalay to caay ka fana' a miahowid ko tamdaw, o matiniay tamdaw cowa piako'id to nano demak no tao i cangranan.","Fittingly, unthankful follows ""disobedient to parents"" because it describes the attitude of those who lack appreciation for the kindnesses shown to them by others."
Glosbe,Corpora/Glosbe/XML/ami/Glosbe_ami_eng_tmem.xml,GLOSBE_ami_eng_TMEM_U002270,0,1,1,"Tahira i romi'ad ni Nowa, 'adihayay miedefay ko mari'angay a demak icowacowa.'","In fact, in Noah's day, ""the earth was filled with violence."""
Glosbe,Corpora/Glosbe/XML/ami/Glosbe_ami_eng_tmem.xml,GLOSBE_ami_eng_TMEM_U002279,0,2,1,"Pasifana' ko tarokos ci Pawlo to Krisciyang mapakalalok i, hano pasowal cangranan to 'tongalen ko pihaen to demak' hani?","Why did the apostle Paul use the expression ""all the more so"" when he instructed Christians to encourage one another?"
Glosbe,Corpora/Glosbe/XML/ami/Glosbe_ami_eng_tmem.xml,GLOSBE_ami_eng_TMEM_U002331,0,2,1,Hano misetek ko faloco' iso 'mihadidi a ciheci' hani?,"Why are you determined to ""bear fruit with endurance""?"
Glosbe,Corpora/Glosbe/XML/ami/Glosbe_ami_eng_tmem.xml,GLOSBE_ami_eng_TMEM_U002381,2,0,1,"Ano haratengen ita ko teloc no mararaway, wa nga'ay misa'osi ko faloco' 'ka'itehen ko tatiihay'.","By reflecting on the bad consequences of sin, we can strengthen our heart to ""hate what is bad."""
Glosbe,Corpora/Glosbe/XML/ami/Glosbe_ami_eng_tmem.xml,GLOSBE_ami_eng_TMEM_U002419,0,1,1,"Ikor somowal ko Fangcalay Cudad ci Mosian, sanay: ""Orasaka, Masa ano eca i, Miripa han koya pipasadakan to nanom a 'ongcoy. Nawhani ngaliwngiw ko finawlan no Israil a mipakaketer ci Yihofaan. 'Mikapotay ci Yihofa i titaanan saw?'","The inspired record goes on to tell us that Moses ""named the place Massah and Meribah because of the quarreling of the Israelites and because they put Jehovah to the test by saying: 'Is Jehovah in our midst or not?'"""
Glosbe,Corpora/Glosbe/XML/ami/Glosbe_ami_eng_tmem.xml,GLOSBE_ami_eng_TMEM_U002527,0,2,1,Misamanay Hano 'Papadotoc a Ciheci' Kita Hani?,"Why We ""Keep Bearing Much Fruit"""
Glosbe,Corpora/Glosbe/XML/ami/Glosbe_ami_eng_tmem.xml,GLOSBE_ami_eng_TMEM_U002532,0,3,1,Samaan kita mafana' to o cima ko 'citatodongay milifok to tahada'ocay 'orip a tamdaw' hani?,"How can we know who are ""rightly disposed for everlasting life""?"
Glosbe,Corpora/Glosbe/XML/ami/Glosbe_ami_eng_tmem.xml,GLOSBE_ami_eng_TMEM_U002602,0,1,1,"Misa'icel kita palahad to 'harateng ni Kristo,' hano nga'ay padama kitanan malo no'adingoan a tamdaw?","How will our effort to have ""the mind of Christ"" help us to be spiritual people?"
Glosbe,Corpora/Glosbe/XML/ami/Glosbe_ami_eng_tmem.xml,GLOSBE_ami_eng_TMEM_U002644,2,0,1,Hano misa'icel kita a palahad to 'harateng ni Kristo'?,"Why should we strive to have ""the mind of Christ""?"
Glosbe,Corpora/Glosbe/XML/ami/Glosbe_ami_eng_tmem.xml,GLOSBE_ami_eng_TMEM_U002673,0,1,1,"Sowal i 1 Korinto 2:16 pairaen ita ko 'harateng ni kristo,' sanay.","The Bible at 1 Corinthians 2:16 speaks of having ""the mind of Christ."""
Glosbe,Corpora/Glosbe/XML/ami/Glosbe_ami_eng_tmem.xml,GLOSBE_ami_eng_TMEM_U002767,2,0,1,"Samanen no wama wina a padama ko wawa, 'ira ko taneng nga'ay malidong'?","How can parents help their children to become ""wise for salvation""?"
Glosbe,Corpora/Glosbe/XML/ami/Glosbe_ami_eng_tmem.xml,GLOSBE_ami_eng_TMEM_U002772,0,1,1,"Pakayni i sowal ni Yihofa ato fangcalay saocor, ato misadakan iso a 'icel, wa nga'ay padama to wawa iso, 'ira ko taneng nga'ay malidong.'","May Jehovah's Word, his spirit, and your efforts as a parent help your children to become ""wise for salvation."""
Glosbe,Corpora/Glosbe/XML/ami/Glosbe_ami_eng_tmem.xml,GLOSBE_ami_eng_TMEM_U003197,0,2,1,"O mitilidan ni Yohani saka tosa ato saka tolo a tikami, pakahemekan ningra koya padotocay 'midoedo to so'linay kimad dademak' a Krisciyang.","His second and third letters commend Christians who continue ""walking in the truth."""
Glosbe,Corpora/Glosbe/XML/ami/Glosbe_ami_eng_tmem.xml,GLOSBE_ami_eng_TMEM_U003271,0,1,1,'Nanay Pahemeken no Tamdaw Kiso to Nika Citanengay Kiso!',"""Blessed Be Your Good Sense!"""
Glosbe,Corpora/Glosbe/XML/ami/Glosbe_ami_eng_tmem.xml,GLOSBE_ami_eng_TMEM_U003446,0,2,1,Itini tikami ni Pawlo mikiriwi'ay masowal ni Pawlo ko 'patanektekay' cingranan a salikaka.,"Paul took special note of brothers who had proved to be ""a strengthening aid"" to him."
Glosbe,Corpora/Glosbe/XML/ami/Glosbe_ami_eng_tmem.xml,GLOSBE_ami_eng_TMEM_U003519,0,2,1,'Misinanotay mitengil' ci Yihofa to maanan a demak hani?,"Jehovah is ""paying attention and listening"" to what?"
Glosbe,Corpora/Glosbe/XML/ami/Glosbe_ami_eng_tmem.xml,GLOSBE_ami_eng_TMEM_U003585,0,2,1,O manan ko 'tadamaanay a miliyaway ma'orip' hani?,"What ""better resurrection"" is yet ahead?"
Glosbe,Corpora/Glosbe/XML/ami/Glosbe_ami_eng_tmem.xml,GLOSBE_ami_eng_TMEM_U003687,2,0,1,"Pakayni sapadamaaw kitaanan, pafeliay to 'malo sida'itay a tamdaw', o malohemay malitengay no kasakopang, tangongolay ko piako'id no mita ci Yihofaan.","Consequently, appreciate Jehovah's provision of ""gifts in men,"" congregation elders."
Glosbe,Corpora/Glosbe/XML/ami/Glosbe_ami_eng_tmem.xml,GLOSBE_ami_eng_TMEM_U003910,0,1,1,"Somowalay ko mikingkiway a tamdaw, padama to tamdaw 'matongalay ko araaw ato epoc no ka'orip, samanen mihaen to demak mirenecay to sasafaay a saali no tamdaw.'","Helping others, researchers say, is important to developing ""a greater sense of purpose and meaning"" in life ""because it fulfills basic human needs."""
Glosbe,Corpora/Glosbe/XML/ami/Glosbe_ami_eng_tmem.xml,GLOSBE_ami_eng_TMEM_U003989,0,2,1,"O roma, masowalay ni Yihofa i Fangcalay Cudad ko Hongti Kitakit ni Misiya, somowalayho Cingra o mapasimalay Krisciyang iraay ko hatokel, tayra i kakarayan tahada'oc a ma'orip, o 'roma lopay'ay siri' wa itini i sera a Lakoing tahada'oc a ma'orip.","Jehovah also informs us about the Messianic Kingdom, and he sets before the anointed the heavenly hope and before the ""other sheep"" the hope of the earthly Paradise."
Glosbe,Corpora/Glosbe/XML/ami/Glosbe_ami_eng_tmem.xml,GLOSBE_ami_eng_TMEM_U004059,0,2,1,Sowal ni Pawlo 'maolahay to payso' ko tamdaw sanay.,"Paul wrote that people would be ""lovers of money."""
Glosbe,Corpora/Glosbe/XML/ami/Glosbe_ami_eng_tmem.xml,GLOSBE_ami_eng_TMEM_U004089,2,0,1,"Itini ta'angayay kaemingay a demak no ka'orip, o so'linay Krisciyang wa 'ka sasiso'lin ko sowal'.","In every aspect of life, true Christians ""speak the truth with one another."""
Glosbe,Corpora/Glosbe/XML/ami/Glosbe_ami_eng_tmem.xml,GLOSBE_ami_eng_TMEM_U004121,0,1,1,Katayni takowanan!',"Come to me!"""
Glosbe,Corpora/Glosbe/XML/ami/Glosbe_ami_eng_tmem.xml,GLOSBE_ami_eng_TMEM_U004150,0,2,1,"Kaemangay Tamdaw, Ka 'Padotoc Misa'icel, Milahecito Sakalidong Namo a Tayal'","Young Ones, ""Keep Working Out Your Own Salvation"""
Glosbe,Corpora/Glosbe/XML/ami/Glosbe_ami_eng_tmem.xml,GLOSBE_ami_eng_TMEM_U004155,0,2,1,"Kaemangay Tamdaw, ka 'Padotoc Misa'icel, Milahecito Sakalidong Namo a Tayal'","Young Ones, ""Keep Working Out Your Own Salvation"""
Glosbe,Corpora/Glosbe/XML/ami/Glosbe_ami_eng_tmem.xml,GLOSBE_ami_eng_TMEM_U004186,0,2,1,"Mitadtaday ci Pawlo to kasasiroma 'no'adingoan a tamdaw' ato 'midoedoay to tireng a tamdaw,' padamaay konini kitanan cipinang to o maanan ko tatodong no no'adingoan a tamdaw.","The apostle Paul helps us to understand what a spiritual person is by drawing a contrast between a ""spiritual man"" and ""a physical man."""
Glosbe,Corpora/Glosbe/XML/ami/Glosbe_ami_eng_tmem.xml,GLOSBE_ami_eng_TMEM_U004212,0,2,1,"Sowal no Fangcalay Cudad, oyaan 'moecelay mangodoay to Kawas' a Simiyong ato 84 ko mihecaan a fafahiyan ci Anna hananay a pairasolay ko pahapinangan ni Yihofa ci Yisan, o cangrato ko milasilay to tamdaw, o mamalo Misiya a wawa masadakayto.","Instead, Jehovah used a ""righteous and devout"" man named Simeon, along with an 84-year-old widow, the prophetess Anna, to acknowledge that this child would become the promised Messiah, or Christ."
Glosbe,Corpora/Glosbe/XML/ami/Glosbe_ami_zho_tmem.xml,GLOSBE_ami_zho_TMEM_U000002,2,0,1,"Mahecaday kita ci Yihofaan, makalimay micada ko tamdaw to so'linay kimad a 'ma'orip'.","我們像耶和華一樣,衷心盼望別人接受真理而＂活下去＂。("
Glosbe,Corpora/Glosbe/XML/ami/Glosbe_ami_zho_tmem.xml,GLOSBE_ami_zho_TMEM_U000126,0,1,1,"Itiya, itiniay i Yirusalim cingra pasayra i ""kakerikeridan no finawlan ato mato'asay, ato pasifana'ay to rikec a tamdaw,"" no Yutaya a pasowal: 'Oya Nacali tamdaw ci Yis Kristo, na mipacekan namo i hecek, patikolanto no Kawas pa'orip cingra nai patay.'","當時,他在耶路撒冷對猶太人的＂官長、長老、抄經士＂說:＂拿撒勒人耶穌基督......你們把他掛在柱上,上帝卻使他從死裡復活了。＂"
Glosbe,Corpora/Glosbe/XML/ami/Glosbe_ami_zho_tmem.xml,GLOSBE_ami_zho_TMEM_U000168,0,1,2,"So'lin ano caka pasowal cangra, latek mamatira ci Tafitian ko harateng nangra: 'Nanay pahemeken no tamdaw kiso to nika citanengay kiso!'","即使別人沒有說出口,說不定他們很想對我們說:＂願人贊賞你明白事理。＂ || 即使別人沒有說出口,說不定他們很想對我們說:＂願人贊賞你明白事理。＂"
Glosbe,Corpora/Glosbe/XML/ami/Glosbe_ami_zho_tmem.xml,GLOSBE_ami_zho_TMEM_U000169,0,1,1,'Ayaw no somowal ci Yis to kilang no fadisoso'a sapatinako pasowalay to tarokos: 'Pafelien ako kamo to dipayal no mako.',耶穌在講葡萄樹的比喻前對使徒說:＂我......把我的平安賜給你們。＂
Glosbe,Corpora/Glosbe/XML/ami/Glosbe_ami_zho_tmem.xml,GLOSBE_ami_zho_TMEM_U000261,0,1,2,"Matawaay ci Alinta a pasowal: ""Mikawihay ko palakatay to faso tamiyanan, o roma palakatay mikitira i faso miowaw tamiyanan: 'Tada kasemeranto kamo!'","奧琳達也笑著說:＂公車司機向我們揮手,有些司機還從車裡對我們大喊:‘你們真了不起!’ || 奧琳達也笑著說:＂公車司機向我們揮手,有些司機還從車裡對我們大喊:‘你們真了不起!’"
Glosbe,Corpora/Glosbe/XML/ami/Glosbe_ami_zho_tmem.xml,GLOSBE_ami_zho_TMEM_U000293,0,2,2,3 'Itini i saikoray lintad o pasangaray a si'ayawen a'awaled' sanay ci Pawlo.,"3 保羅寫到,＂最後的日子＂會是個＂難以應付的非常時期＂。 || 3 保羅寫到,＂最後的日子＂會是個＂難以應付的非常時期＂。"
Glosbe,Corpora/Glosbe/XML/ami/Glosbe_ami_zho_tmem.xml,GLOSBE_ami_zho_TMEM_U000300,0,1,2,"Tahira i romi'ad ni Nowa, 'adihayay miedefay ko mari'angay a demak icowacowa.'","事實上,到了挪亞的日子,＂暴行遍及全地＂。 || 事實上,到了挪亞的日子,＂暴行遍及全地＂。"
Glosbe,Corpora/Glosbe/XML/ami/Glosbe_ami_zho_tmem.xml,GLOSBE_ami_zho_TMEM_U000473,0,1,2,Sanay ko ca'of ni Yis: 'Cowa ko noni hekal ko Hongti Kitakit ako.',耶穌回答說:＂我的王國不屬於這個世界。＂( || 耶穌回答說:＂我的王國不屬於這個世界。＂(
Glosbe,Corpora/Glosbe/XML/ami/Glosbe_ami_zho_tmem.xml,GLOSBE_ami_zho_TMEM_U000662,0,1,1,"Itini Loma 15:5 somowalay to pairaen ko'harateng ni Kristo Yis,' sanay.",羅馬書15:5也提到要有＂基督耶穌的思想態度＂。
Glosbe,Corpora/Glosbe/XML/ami/Glosbe_ami_zho_tmem.xml,GLOSBE_ami_zho_TMEM_U000733,0,1,1,Misa'icelay kita tano pinengneng ni Yihofa cangranan han?',我是不是努力以耶和華的觀點看他們?＂
Glosbe,Corpora/Glosbe/XML/ami/Glosbe_ami_zho_tmem.xml,GLOSBE_ami_zho_TMEM_U000903,0,1,2,"Pakayni i sowal ni Yihofa ato fangcalay saocor, ato misadakan iso a'icel, wa nga'ay padama to wawa iso, 'ira ko taneng nga'ay malidong.'","通過耶和華的話語和聖靈,以及你付出的努力,能幫助你的孩子＂有智慧可以得救＂。 || 通過耶和華的話語和聖靈,以及你付出的努力,能幫助你的孩子＂有智慧可以得救＂。"
Glosbe,Corpora/Glosbe/XML/ami/Glosbe_ami_zho_tmem.xml,GLOSBE_ami_zho_TMEM_U001076,0,2,1,"'Faelohto' ko harateng ita, palahadho to faelohay a pakayraan miharatengan.","我們的思想＂更新＂了,也培養新的思考方式。"
Glosbe,Corpora/Glosbe/XML/ami/Glosbe_ami_zho_tmem.xml,GLOSBE_ami_zho_TMEM_U001107,0,1,2,21 'Nanay Pahemeken no Tamdaw Kiso to Nika Citanengay Kiso!',21頁 ＂願人贊賞你明白事理＂ || 21頁 ＂願人贊賞你明白事理＂
Glosbe,Corpora/Glosbe/XML/ami/Glosbe_ami_zho_tmem.xml,GLOSBE_ami_zho_TMEM_U001234,0,3,2,"19 Pasowalan ni Yis ko nisawawaan: ' Ano micerid kamo midofdof to sowal ako, o so'linayto a nisawawaan ako. Wa mafana' kamo to so'linay kimad, wa pasalaten no so'linay kimad kamo.'","19 耶穌對門徒說:＂你們時刻遵守我的話語,就真是我的門徒了。 你們會認識真理,真理會叫你們自由。＂( || 19 耶穌對門徒說:＂你們時刻遵守我的話語,就真是我的門徒了。 你們會認識真理,真理會叫你們自由。＂("
Glosbe,Corpora/Glosbe/XML/ami/Glosbe_ami_zho_tmem.xml,GLOSBE_ami_zho_TMEM_U001313,0,1,1,"Cowa ko pilengo aca no Taneng 23:23 to mi'aca to so'linay kimad, pasowalayho to mami'aca kita to'taneng, sapirikec, saka cipinang.'","箴言23:23除了提到買真理, 還說我們應該買＂智慧、管教、悟性＂。"
Glosbe,Corpora/Glosbe/XML/ami/Glosbe_ami_zho_tmem.xml,GLOSBE_ami_zho_TMEM_U001317,0,1,1,"Saka 2 Korinto 3:17, sanay ko sowal, 'icowaay ko fangcalay saocor ni Yihofa, iraay ko pasalat itira.'","6 以耶和華的觀點看事情不表示我們不能有任何想法或意見,正如哥林多後書3:17說的:＂耶和華的靈在哪裡,哪裡就有自由。＂"
Glosbe,Corpora/Glosbe/XML/ami/Glosbe_ami_zho_tmem.xml,GLOSBE_ami_zho_TMEM_U001396,0,1,1,"Taneng 3:11, 12 sanay: 'Wawaaw ako, aka mana'ay to sarikec ni Yihofa... samanen o kaolahan ni Yihofa a tamdaw mirikecan Ningra.'","箴言3:11,12說:＂我兒啊,耶和華的管教你不可拒絕......因為耶和華責備他所愛的人。＂"
Glosbe,Corpora/Glosbe/XML/ami/Glosbe_ami_zho_tmem.xml,GLOSBE_ami_zho_TMEM_U001404,0,1,1,Katayni takowanan!',誰就到我這裡來!＂
Glosbe,Corpora/Glosbe/XML/ami/Glosbe_ami_zho_tmem.xml,GLOSBE_ami_zho_TMEM_U001443,2,1,1,"Sowal no Fangcalay Cudad, 'no'adingoan a tamdaw' ato'midoedoay to tireng a tamdaw,' o maanan ko kasasiromaan?",3. 聖經說＂屬靈的人＂和＂順應肉體的人＂有什麼分別?
Glosbe,Corpora/Glosbe/XML/ami/Glosbe_ami_zho_tmem.xml,GLOSBE_ami_zho_TMEM_U001536,0,1,1,"4 Sowal ni Yis ci Akoma Satan'miliyangay to so'linay kimad, samanen awaay ko so'linay kimad ilaloma' ningra.'","4 耶穌說魔鬼撒但＂沒有在真理中站穩,因為真理不在他裡面＂。"
Glosbe,Corpora/Glosbe/XML/ami/Glosbe_ami_zho_tmem.xml,GLOSBE_ami_zho_TMEM_U001709,1,2,1,"Palimo'otay ci Pawlo kitaanan, 'misafaeloh to harateng', samaan ko demak ita nga' matoor konini?","保羅勸勉我們要＂更新思想＂,我們怎樣才能做到這一點?"
Glosbe,Corpora/Glosbe/XML/ami/Glosbe_ami_zho_tmem.xml,GLOSBE_ami_zho_TMEM_U001790,2,0,1,"Saikor, wa milifok kita to miki'okan ni Yihofa kitaanan a''odingaray a pasalat'.","最終,我們會享有耶和華承諾要給我們的＂榮耀的自由＂。"
Glosbe,Corpora/Glosbe/XML/ami/Glosbe_ami_zho_tmem.xml,GLOSBE_ami_zho_TMEM_U001930,0,1,1,"Palimo'otay ci Yis to nisawawaan padama to tamdaw'malo Krisciyang..., mipaino' cangranan,' sanay.","耶穌吩咐門徒要幫助人做基督徒,＂給他們施浸＂。("
Glosbe,Corpora/Glosbe/XML/ami/Glosbe_ami_zho_tmem.xml,GLOSBE_ami_zho_TMEM_U002107,0,2,1,"4, 5. (1) Itini noka'pica'edong to faelohay capeling,' mafana' a mirikec to harateng, hano o masaka limelaan hani?","甲)為什麼在＂穿上新品格＂的過程中,學習自律很重要?("
Glosbe,Corpora/Glosbe/CodeAndDocs/work/reference_glosbe/amis_glosbe_traditional.xml,Amis_2,2,0,1,"Mahecaday kita ci Yihofaan, makalimay micada ko tamdaw to so'linay kimad a 'ma'orip'.","我們像耶和華一樣,衷心盼望別人接受真理而“活下去”。("
Glosbe,Corpora/Glosbe/CodeAndDocs/work/reference_glosbe/amis_glosbe_traditional.xml,Amis_123,0,1,1,"Itiya, itiniay i Yirusalim cingra pasayra i ""kakerikeridan no finawlan ato mato'asay, ato pasifana'ay to rikec a tamdaw,"" no Yutaya a pasowal: 'Oya Nacali tamdaw ci Yis Kristo, na mipacekan namo i hecek, patikolanto no Kawas pa'orip cingra nai patay.'","當時,他在耶路撒冷對猶太人的“官長、長老、抄經士”說:“拿撒勒人耶穌基督......你們把他掛在柱上,上帝卻使他從死裡復活了。”"
Glosbe,Corpora/Glosbe/CodeAndDocs/work/reference_glosbe/amis_glosbe_traditional.xml,Amis_165,0,1,1,"So'lin ano caka pasowal cangra, latek mamatira ci Tafitian ko harateng nangra: 'Nanay pahemeken no tamdaw kiso to nika citanengay kiso!'","即使別人沒有說出口,說不定他們很想對我們說:“願人贊賞你明白事理。”"
Glosbe,Corpora/Glosbe/CodeAndDocs/work/reference_glosbe/amis_glosbe_traditional.xml,Amis_166,0,1,1,'Ayaw no somowal ci Yis to kilang no fadisoso'a sapatinako pasowalay to tarokos: 'Pafelien ako kamo to dipayal no mako.',耶穌在講葡萄樹的比喻前對使徒說:“我......把我的平安賜給你們。”
Glosbe,Corpora/Glosbe/CodeAndDocs/work/reference_glosbe/amis_glosbe_traditional.xml,Amis_227,2,0,1,"Mahecaday kita ci Yihofaan, makalimay micada ko tamdaw to so'linay kimad a 'ma'orip'.","我們像耶和華一樣,衷心盼望別人接受真理而“活下去”。("
Glosbe,Corpora/Glosbe/CodeAndDocs/work/reference_glosbe/amis_glosbe_traditional.xml,Amis_252,2,0,1,"Mahecaday kita ci Yihofaan, makalimay micada ko tamdaw to so'linay kimad a 'ma'orip'.","我們像耶和華一樣,衷心盼望別人接受真理而“活下去”。("
Glosbe,Corpora/Glosbe/CodeAndDocs/work/reference_glosbe/amis_glosbe_traditional.xml,Amis_342,0,2,1,"Mihaenay, wa mikitini kita i cowa ko kalimlaan a demak 'mi'aca' to toki.","因此,我們需要從不重要的活動中“買”時間。("
Glosbe,Corpora/Glosbe/CodeAndDocs/work/reference_glosbe/amis_glosbe_traditional.xml,Amis_351,0,1,1,"Itiya, itiniay i Yirusalim cingra pasayra i ""kakerikeridan no finawlan ato mato'asay, ato pasifana'ay to rikec a tamdaw,"" no Yutaya a pasowal: 'Oya Nacali tamdaw ci Yis Kristo, na mipacekan namo i hecek, patikolanto no Kawas pa'orip cingra nai patay.'","當時,他在耶路撒冷對猶太人的“官長、長老、抄經士”說:“拿撒勒人耶穌基督......你們把他掛在柱上,上帝卻使他從死裡復活了。”"
Glosbe,Corpora/Glosbe/CodeAndDocs/work/reference_glosbe/amis_glosbe_traditional.xml,Amis_384,0,3,1,3 'Itini i saikoray lintad o pasangaray a si'ayawen a 'awaled' sanay ci Pawlo.,"3 保羅寫到,“最後的日子”會是個“難以應付的非常時期”。"
Glosbe,Corpora/Glosbe/CodeAndDocs/work/reference_glosbe/amis_glosbe_traditional.xml,Amis_393,0,1,1,"Tahira i romi'ad ni Nowa, 'adihayay miedefay ko mari'angay a demak icowacowa.'","事實上,到了挪亞的日子,“暴行遍及全地”。"
Glosbe,Corpora/Glosbe/CodeAndDocs/work/reference_glosbe/amis_glosbe_traditional.xml,Amis_409,0,2,1,"Pasifana' ko tarokos ci Pawlo to Krisciyang mapakalalok i , hano pasowal cangranan to 'tongalen ko pihaen to demak' hani?","使徒保羅教導基督徒要彼此鼓勵時,為什麼對他們說“就更要這樣做”?"
Glosbe,Corpora/Glosbe/CodeAndDocs/work/reference_glosbe/amis_glosbe_traditional.xml,Amis_576,0,3,1,3 'Itini i saikoray lintad o pasangaray a si'ayawen a 'awaled' sanay ci Pawlo.,"3 保羅寫到,“最後的日子”會是個“難以應付的非常時期”。"
Glosbe,Corpora/Glosbe/CodeAndDocs/work/reference_glosbe/amis_glosbe_traditional.xml,Amis_582,0,2,1,"O roma mihongyakan a Fangcalay Cudad, o 'cango'otay' mihongyakan to ""awaay ko kapo"", ""awaay ko epoc,"" ""cowa ko kalimelaan.""",有些聖經譯本將“貧乏”翻譯為“無用”、“無意義”、“乏用”。
Glosbe,Corpora/Glosbe/CodeAndDocs/work/reference_glosbe/amis_glosbe_traditional.xml,Amis_680,0,1,1,Sanay ko ca'of ni Yis: 'Cowa ko noni hekal ko Hongti Kitakit ako .',耶穌回答說:“我的王國不屬於這個世界。”(
Glosbe,Corpora/Glosbe/CodeAndDocs/work/reference_glosbe/amis_glosbe_traditional.xml,Amis_693,0,1,1,'Ayaw no somowal ci Yis to kilang no fadisoso'a sapatinako pasowalay to tarokos: 'Pafelien ako kamo to dipayal no mako.',耶穌在講葡萄樹的比喻前對使徒說:“我......把我的平安賜給你們。”
Glosbe,Corpora/Glosbe/CodeAndDocs/work/reference_glosbe/amis_glosbe_traditional.xml,Amis_750,0,1,1,'Ayaw no somowal ci Yis to kilang no fadisoso'a sapatinako pasowalay to tarokos: 'Pafelien ako kamo to dipayal no mako .',耶穌在講葡萄樹的比喻前對使徒說:“我......把我的平安賜給你們。”
Glosbe,Corpora/Glosbe/CodeAndDocs/work/reference_glosbe/amis_glosbe_traditional.xml,Amis_757,2,0,1,"Mahecaday kita ci Yihofaan, makalimay micada ko tamdaw to so'linay kimad a 'ma'orip'.","我們像耶和華一樣,衷心盼望別人接受真理而“活下去”。("
Glosbe,Corpora/Glosbe/CodeAndDocs/work/reference_glosbe/amis_glosbe_traditional.xml,Amis_826,0,2,1,Samaan a malo 'hafay' iso ci Yihofa?,怎樣讓耶和華成為你的“產業”?
Glosbe,Corpora/Glosbe/CodeAndDocs/work/reference_glosbe/amis_glosbe_traditional.xml,Amis_828,0,1,1,"Itiya, itiniay i Yirusalim cingra pasayra i ""kakerikeridan no finawlan ato mato'asay, ato pasifana'ay to rikec a tamdaw,"" no Yutaya a pasowal: 'Oya Nacali tamdaw ci Yis Kristo, na mipacekan namo i hecek, patikolanto no Kawas pa'orip cingra nai patay.'","當時,他在耶路撒冷對猶太人的“官長、長老、抄經士”說:“拿撒勒人耶穌基督......你們把他掛在柱上,上帝卻使他從死裡復活了。”"
Glosbe,Corpora/Glosbe/CodeAndDocs/work/reference_glosbe/amis_glosbe_traditional.xml,Amis_858,0,1,1,"So'lin ano caka pasowal cangra, latek mamatira ci Tafitian ko harateng nangra: 'Nanay pahemeken no tamdaw kiso to nika citanengay kiso!'","即使別人沒有說出口,說不定他們很想對我們說:“願人贊賞你明白事理。”"
Glosbe,Corpora/Glosbe/CodeAndDocs/work/reference_glosbe/amis_glosbe_traditional.xml,Amis_859,0,3,1,3 'Itini i saikoray lintad o pasangaray a si'ayawen a 'awaled' sanay ci Pawlo.,"3 保羅寫到,“最後的日子”會是個“難以應付的非常時期”。"
Glosbe,Corpora/Glosbe/CodeAndDocs/work/reference_glosbe/amis_glosbe_traditional.xml,Amis_860,0,1,1,'Ayaw no somowal ci Yis to kilang no fadisoso'a sapatinako pasowalay to tarokos: 'Pafelien ako kamo to dipayal no mako.',耶穌在講葡萄樹的比喻前對使徒說:“我......把我的平安賜給你們。”
Glosbe,Corpora/Glosbe/CodeAndDocs/work/reference_glosbe/amis_glosbe_traditional.xml,Amis_891,0,2,1,"Pasifana' ko tarokos ci Pawlo to Krisciyang mapakalalok i, hano pasowal cangranan to 'tongalen ko pihaen to demak' hani?","使徒保羅教導基督徒要彼此鼓勵時,為什麼對他們說“就更要這樣做”?"
Glosbe,Corpora/Glosbe/CodeAndDocs/work/reference_glosbe/amis_glosbe_traditional.xml,Amis_946,0,2,1,"29 'O Moecelay Tamdaw, Pakayniay ci Yihofaan a Lipahak'",29 “義人要因耶和華而歡喜”
Glosbe,Corpora/Glosbe/CodeAndDocs/work/reference_glosbe/amis_glosbe_traditional.xml,Amis_985,0,1,1,Sanay ko ca'of ni Yis: 'Cowa ko noni hekal ko Hongti Kitakit ako.',耶穌回答說:“我的王國不屬於這個世界。”(
Glosbe,Corpora/Glosbe/CodeAndDocs/work/reference_glosbe/amis_glosbe_traditional.xml,Amis_1034,0,1,1,"Tahira i romi'ad ni Nowa, 'adihayay miedefay ko mari'angay a demak icowacowa.'","事實上,到了挪亞的日子,“暴行遍及全地”。"
Glosbe,Corpora/Glosbe/CodeAndDocs/work/reference_glosbe/amis_glosbe_traditional.xml,Amis_1122,0,1,1,"Itini Loma 15:5 somowalay to pairaen ko 'harateng ni Kristo Yis,' sanay.",羅馬書15:5也提到要有“基督耶穌的思想態度”。
Glosbe,Corpora/Glosbe/CodeAndDocs/work/reference_glosbe/amis_glosbe_traditional.xml,Amis_1138,0,2,1,"Itini Yohani 15:4-10 toni pina sinael, kinapinaay masowal ni Yis ko 'mararid' sanay a tilid, paihekal to kalimelaan ko mihadidiay.","在約翰福音15:4-10這短短的幾節經文中,耶穌多次用“時刻”一詞來強調忍耐的必要性。"
Glosbe,Corpora/Glosbe/CodeAndDocs/work/reference_glosbe/amis_glosbe_traditional.xml,Amis_1142,2,0,1,Hano misa'icel kita a palahad to 'harateng ni Kristo'?,為什麼我們要努力培養“基督的思想”?
Glosbe,Corpora/Glosbe/CodeAndDocs/work/reference_glosbe/amis_glosbe_traditional.xml,Amis_1216,0,1,1,Misa'icelay kita tano pinengneng ni Yihofa cangranan han ?',我是不是努力以耶和華的觀點看他們?”
Glosbe,Corpora/Glosbe/CodeAndDocs/work/reference_glosbe/amis_glosbe_traditional.xml,Amis_1296,0,1,1,"Itini Loma 15:5 somowalay to pairaen ko 'harateng ni Kristo Yis,' sanay.",羅馬書15:5也提到要有“基督耶穌的思想態度”。
Glosbe,Corpora/Glosbe/CodeAndDocs/work/reference_glosbe/amis_glosbe_traditional.xml,Amis_1352,2,0,1,"Mahecaday kita ci Yihofaan, makalimay micada ko tamdaw to so'linay kimad a 'ma'orip'.","我們像耶和華一樣,衷心盼望別人接受真理而“活下去”。("
Glosbe,Corpora/Glosbe/CodeAndDocs/work/reference_glosbe/amis_glosbe_traditional.xml,Amis_1427,0,2,1,Samaan a malo 'hafay' iso ci Yihofa?,怎樣讓耶和華成為你的“產業”?
Glosbe,Corpora/Glosbe/CodeAndDocs/work/reference_glosbe/amis_glosbe_traditional.xml,Amis_1491,0,1,1,"Pakayni i sowal ni Yihofa ato fangcalay saocor, ato misadakan iso a 'icel, wa nga'ay padama to wawa iso , 'ira ko taneng nga'ay malidong.'","通過耶和華的話語和聖靈,以及你付出的努力,能幫助你的孩子“有智慧可以得救”。"
Glosbe,Corpora/Glosbe/CodeAndDocs/work/reference_glosbe/amis_glosbe_traditional.xml,Amis_1671,2,0,1,"Kawra, masowalay ni Pawlo, sasinanoten ita a 'misafaeloh to harateng'.","不過,保羅也說我們必須“更新思想”。"
Glosbe,Corpora/Glosbe/CodeAndDocs/work/reference_glosbe/amis_glosbe_traditional.xml,Amis_1694,2,0,1,"Mikitini i sakayat no 'madimadiay inanengay a koli', wa samaan mahapinang ita to ciharatengay ci Yis to no'adingoan a pakayraan ita hani?",我們怎樣從“忠信睿智的奴隸”的指示看出耶穌關心我們的屬靈情況?
Glosbe,Corpora/Glosbe/CodeAndDocs/work/reference_glosbe/amis_glosbe_traditional.xml,Amis_1754,0,2,1,"'Faelohto' ko harateng ita , palahadho to faelohay a pakayraan miharatengan.","我們的思想“更新”了,也培養新的思考方式。"
Glosbe,Corpora/Glosbe/CodeAndDocs/work/reference_glosbe/amis_glosbe_traditional.xml,Amis_1794,0,1,1,"So'lin ano caka pasowal cangra, latek mamatira ci Tafitian ko harateng nangra: 'Nanay pahemeken no tamdaw kiso to nika citanengay kiso !'","即使別人沒有說出口,說不定他們很想對我們說:“願人贊賞你明白事理。”"
Glosbe,Corpora/Glosbe/CodeAndDocs/work/reference_glosbe/amis_glosbe_traditional.xml,Amis_1826,0,1,1,21 'Nanay Pahemeken no Tamdaw Kiso to Nika Citanengay Kiso !',21頁 “願人贊賞你明白事理”
Glosbe,Corpora/Glosbe/CodeAndDocs/work/reference_glosbe/amis_glosbe_traditional.xml,Amis_1917,0,1,1,"23 Kaemangay Tamdaw —Ka 'Padotoc Misa'icel, Milahecito Sakalidong Namo a Tayal '","23頁 年輕人要“不斷努力,完成使你們得救的工作”"
Glosbe,Corpora/Glosbe/CodeAndDocs/work/reference_glosbe/amis_glosbe_traditional.xml,Amis_1930,0,1,1,"Kaemangay Tamdaw —ka 'Padotoc Misa'icel, Milahecito Sakalidong Namo a Tayal '","年輕人要“不斷努力,完成使你們得救的工作”"
Glosbe,Corpora/Glosbe/CodeAndDocs/work/reference_glosbe/amis_glosbe_traditional.xml,Amis_1931,0,1,1,'Ayaw no somowal ci Yis to kilang no fadisoso'a sapatinako pasowalay to tarokos: 'Pafelien ako kamo to dipayal no mako.',耶穌在講葡萄樹的比喻前對使徒說:“我......把我的平安賜給你們。”
Glosbe,Corpora/Glosbe/CodeAndDocs/work/reference_glosbe/amis_glosbe_traditional.xml,Amis_1964,0,1,1,"So'lin ano caka pasowal cangra, latek mamatira ci Tafitian ko harateng nangra: 'Nanay pahemeken no tamdaw kiso to nika citanengay kiso!'","即使別人沒有說出口,說不定他們很想對我們說:“願人贊賞你明白事理。”"
Glosbe,Corpora/Glosbe/CodeAndDocs/work/reference_glosbe/amis_glosbe_traditional.xml,Amis_2085,0,3,1,"19 Pasowalan ni Yis ko nisawawaan: ' Ano micerid kamo midofdof to sowal ako, o so'linayto a nisawawaan ako. Wa mafana' kamo to so'linay kimad, wa pasalaten no so'linay kimad kamo.'","19 耶穌對門徒說:“你們時刻遵守我的話語,就真是我的門徒了。 你們會認識真理,真理會叫你們自由。”("
Glosbe,Corpora/Glosbe/CodeAndDocs/work/reference_glosbe/amis_glosbe_traditional.xml,Amis_2186,2,0,1,"Mahecaday kita ci Yihofaan, makalimay micada ko tamdaw to so'linay kimad a 'ma'orip'.","我們像耶和華一樣,衷心盼望別人接受真理而“活下去”。("
Glosbe,Corpora/Glosbe/CodeAndDocs/work/reference_glosbe/amis_glosbe_traditional.xml,Amis_2194,0,2,1,17 Misamanay Hano 'Papadotoc a Ciheci' Kita Hani?,17頁 為什麼我們要“不斷多結果實”?
Glosbe,Corpora/Glosbe/CodeAndDocs/work/reference_glosbe/amis_glosbe_traditional.xml,Amis_2275,0,1,1,"Cowa ko pilengo aca no Taneng 23:23 to mi'aca to so'linay kimad, pasowalayho to mami'aca kita to 'taneng, sapirikec, saka cipinang.'","箴言23:23除了提到買真理, 還說我們應該買“智慧、管教、悟性”。"
Glosbe,Corpora/Glosbe/CodeAndDocs/work/reference_glosbe/amis_glosbe_traditional.xml,Amis_2279,0,1,1,"Saka 2 Korinto 3:17, sanay ko sowal, 'icowaay ko fangcalay saocor ni Yihofa, iraay ko pasalat itira.'","6 以耶和華的觀點看事情不表示我們不能有任何想法或意見,正如哥林多後書3:17說的:“耶和華的靈在哪裡,哪裡就有自由。”"
Glosbe,Corpora/Glosbe/CodeAndDocs/work/reference_glosbe/amis_glosbe_traditional.xml,Amis_2314,0,2,1,"Itiniay i saka cecay hahekalan, o roma tamdaw hano 'pa'aca' to so'linay kimad hani?","在1世紀,為什麼有些人“賣”掉真理?"
Glosbe,Corpora/Glosbe/CodeAndDocs/work/reference_glosbe/amis_glosbe_traditional.xml,Amis_2429,0,1,1,"14 Palimo'otay ko Loma 12:2 kitaanan: ' Aka madenga nonini a hekal, safaelohen ko harateng a mifalic to niyah, ho cipinang to nga'ayay no Kawas, o malefotay kahemekan Ningra a araaw.'","14 羅馬書12:2勸勉我們:“不要被這個制度同化,倒要更新思想而改變自己,好察驗上帝那良善、完美而又蒙他悅納的旨意。”"
Glosbe,Corpora/Glosbe/CodeAndDocs/work/reference_glosbe/amis_glosbe_traditional.xml,Amis_2433,0,1,1,"15 Ano makalimay kita ira ko mahecaday ni Yihofa a harateng, ' aka madenga nonini a hekal.'","15 我們想跟耶和華有一樣的看法,就不可以讓自己“被這個制度同化”。"
Glosbe,Corpora/Glosbe/CodeAndDocs/work/reference_glosbe/amis_glosbe_traditional.xml,Amis_2437,0,1,1,"Taneng 3:11, 12 sanay: 'Wawaaw ako, aka mana'ay to sarikec ni Yihofa . . . samanen o kaolahan ni Yihofa a tamdaw mirikecan Ningra.'","箴言3:11,12說:“我兒啊,耶和華的管教你不可拒絕......因為耶和華責備他所愛的人。”"
Glosbe,Corpora/Glosbe/CodeAndDocs/work/reference_glosbe/amis_glosbe_traditional.xml,Amis_2447,0,1,1,Katayni takowanan !',誰就到我這裡來!”
Glosbe,Corpora/Glosbe/CodeAndDocs/work/reference_glosbe/amis_glosbe_traditional.xml,Amis_2535,2,1,1,"Sowal no Fangcalay Cudad, 'no'adingoan a tamdaw' ato 'midoedoay to tireng a tamdaw,' o maanan ko kasasiromaan?",3. 聖經說“屬靈的人”和“順應肉體的人”有什麼分別?
Glosbe,Corpora/Glosbe/CodeAndDocs/work/reference_glosbe/amis_glosbe_traditional.xml,Amis_2553,0,2,1,"3 Mitadtaday ci Pawlo to kasasiroma 'no'adingoan a tamdaw' ato 'midoedoay to tireng a tamdaw,' padamaay konini kitanan cipinang to o maanan ko tatodong no no'adingoan a tamdaw.","3 使徒保羅說明瞭“屬靈的人”和“順應肉體的人”有什麼分別,這幫助我們明白做屬靈的人是什麼意思。("
Glosbe,Corpora/Glosbe/CodeAndDocs/work/reference_glosbe/amis_glosbe_traditional.xml,Amis_2676,0,2,1,"23 Kaemangay Tamdaw — Ka 'Padotoc Misa'icel, Milahecito Sakalidong Namo a Tayal'","23頁 年輕人要“不斷努力,完成使你們得救的工作”"
Glosbe,Corpora/Glosbe/CodeAndDocs/work/reference_glosbe/amis_glosbe_traditional.xml,Amis_2690,0,1,1,"Itini ta'angayay kaemingay a demak no ka'orip, o so'linay Krisciyang wa ' ka sasiso'lin ko sowal'.","在生活的大小事上,真基督徒會“彼此說真實的話”。"
Glosbe,Corpora/Glosbe/CodeAndDocs/work/reference_glosbe/amis_glosbe_traditional.xml,Amis_2721,0,2,1,"Kaemangay Tamdaw — ka 'Padotoc Misa'icel, Milahecito Sakalidong Namo a Tayal'","年輕人要“不斷努力,完成使你們得救的工作”"
Glosbe,Corpora/Glosbe/CodeAndDocs/work/reference_glosbe/amis_glosbe_traditional.xml,Amis_2727,0,2,1,"O roma mihongyakan a Fangcalay Cudad, o 'cango'otay' mihongyakan to "" awaay ko kapo"", "" awaay ko epoc,"" ""cowa ko kalimelaan.""",有些聖經譯本將“貧乏”翻譯為“無用”、“無意義”、“乏用”。
Glosbe,Corpora/Glosbe/CodeAndDocs/work/reference_glosbe/amis_glosbe_traditional.xml,Amis_2737,0,3,1,"4 Sowal ni Yis ci Akoma Satan 'miliyangay to so'linay kimad, samanen awaay ko so'linay kimad ilaloma' ningra.'","4 耶穌說魔鬼撒但“沒有在真理中站穩,因為真理不在他裡面”。"
Glosbe,Corpora/Glosbe/CodeAndDocs/work/reference_glosbe/amis_glosbe_traditional.xml,Amis_2738,0,2,1,"Misamanay hano 'o misa'adaay ci Yihofaan, awaay ko taneng' hani?","為什麼“跟耶和華對立,就毫無智慧”?"
Glosbe,Corpora/Glosbe/CodeAndDocs/work/reference_glosbe/amis_glosbe_traditional.xml,Amis_2780,0,2,1,"Mihaenay, wa mikitini kita i cowa ko kalimlaan a demak 'mi'aca' to toki.","因此,我們需要從不重要的活動中“買”時間。("
Glosbe,Corpora/Glosbe/CodeAndDocs/work/reference_glosbe/amis_glosbe_traditional.xml,Amis_2803,0,1,1,"Tahira i romi'ad ni Nowa, 'adihayay miedefay ko mari'angay a demak icowacowa.'","事實上,到了挪亞的日子,“暴行遍及全地”。"
Glosbe,Corpora/Glosbe/CodeAndDocs/work/reference_glosbe/amis_glosbe_traditional.xml,Amis_2814,0,1,1,"Pasifana' ko tarokos ci Pawlo to Krisciyang mapakalalok i, hano pasowal cangranan to 'tongalen ko pihaen to demak ' hani?","使徒保羅教導基督徒要彼此鼓勵時,為什麼對他們說“就更要這樣做”?"
Glosbe,Corpora/Glosbe/CodeAndDocs/work/reference_glosbe/amis_glosbe_traditional.xml,Amis_2998,0,1,1,"Itiya, itiniay i Yirusalim cingra pasayra i ""kakerikeridan no finawlan ato mato'asay, ato pasifana'ay to rikec a tamdaw,"" no Yutaya a pasowal: 'Oya Nacali tamdaw ci Yis Kristo, na mipacekan namo i hecek, patikolanto no Kawas pa'orip cingra nai patay.'","當時,他在耶路撒冷對猶太人的“官長、長老、抄經士”說:“拿撒勒人耶穌基督......你們把他掛在柱上,上帝卻使他從死裡復活了。”"
Glosbe,Corpora/Glosbe/CodeAndDocs/work/reference_glosbe/amis_glosbe_traditional.xml,Amis_3139,0,1,1,"Pakayni i sowal ni Yihofa ato fangcalay saocor, ato misadakan iso a 'icel, wa nga'ay padama to wawa iso, 'ira ko taneng nga'ay malidong.'","通過耶和華的話語和聖靈,以及你付出的努力,能幫助你的孩子“有智慧可以得救”。"
Glosbe,Corpora/Glosbe/CodeAndDocs/work/reference_glosbe/amis_glosbe_traditional.xml,Amis_3164,0,1,1,"Itiya, itiniay i Yirusalim cingra pasayra i ""kakerikeridan no finawlan ato mato'asay, ato pasifana'ay to rikec a tamdaw,"" no Yutaya a pasowal: 'Oya Nacali tamdaw ci Yis Kristo, na mipacekan namo i hecek, patikolanto no Kawas pa'orip cingra nai patay.'","當時,他在耶路撒冷對猶太人的“官長、長老、抄經士”說:“拿撒勒人耶穌基督......你們把他掛在柱上,上帝卻使他從死裡復活了。”"
Glosbe,Corpora/Glosbe/CodeAndDocs/work/reference_glosbe/amis_glosbe_traditional.xml,Amis_3211,1,2,1,"Palimo'otay ci Pawlo kitaanan, 'misafaeloh to harateng', samaan ko demak ita nga' matoor konini ?","保羅勸勉我們要“更新思想”,我們怎樣才能做到這一點?"
Glosbe,Corpora/Glosbe/CodeAndDocs/work/reference_glosbe/amis_glosbe_traditional.xml,Amis_3212,0,2,1,"3 Mitadtaday ci Pawlo to kasasiroma 'no'adingoan a tamdaw' ato 'midoedoay to tireng a tamdaw,' padamaay konini kitanan cipinang to o maanan ko tatodong no no'adingoan a tamdaw.","3 使徒保羅說明瞭“屬靈的人”和“順應肉體的人”有什麼分別,這幫助我們明白做屬靈的人是什麼意思。("
Glosbe,Corpora/Glosbe/CodeAndDocs/work/reference_glosbe/amis_glosbe_traditional.xml,Amis_3220,0,1,1,"Itiya, itiniay i Yirusalim cingra pasayra i ""kakerikeridan no finawlan ato mato'asay, ato pasifana'ay to rikec a tamdaw,"" no Yutaya a pasowal: 'Oya Nacali tamdaw ci Yis Kristo, na mipacekan namo i hecek, patikolanto no Kawas pa'orip cingra nai patay.'","當時,他在耶路撒冷對猶太人的“官長、長老、抄經士”說:“拿撒勒人耶穌基督......你們把他掛在柱上,上帝卻使他從死裡復活了。”"
Glosbe,Corpora/Glosbe/CodeAndDocs/work/reference_glosbe/amis_glosbe_traditional.xml,Amis_3227,0,2,1,"23 Kaemangay Tamdaw —Ka 'Padotoc Misa'icel, Milahecito Sakalidong Namo a Tayal'","23頁 年輕人要“不斷努力,完成使你們得救的工作”"
Glosbe,Corpora/Glosbe/CodeAndDocs/work/reference_glosbe/amis_glosbe_traditional.xml,Amis_3234,0,2,1,"Kaemangay Tamdaw —ka 'Padotoc Misa'icel, Milahecito Sakalidong Namo a Tayal'","年輕人要“不斷努力,完成使你們得救的工作”"
Glosbe,Corpora/Glosbe/CodeAndDocs/work/reference_glosbe/amis_glosbe_traditional.xml,Amis_3246,2,0,1,"Mahecaday kita ci Yihofaan, makalimay micada ko tamdaw to so'linay kimad a 'ma'orip'.","我們像耶和華一樣,衷心盼望別人接受真理而“活下去”。("
Glosbe,Corpora/Glosbe/CodeAndDocs/work/reference_glosbe/amis_glosbe_traditional.xml,Amis_3373,0,2,1,"Mihaenay, wa mikitini kita i cowa ko kalimlaan a demak 'mi'aca' to toki.","因此,我們需要從不重要的活動中“買”時間。("
Glosbe,Corpora/Glosbe/CodeAndDocs/work/reference_glosbe/amis_glosbe_traditional.xml,Amis_3403,0,1,1,"Itiya, itiniay i Yirusalim cingra pasayra i ""kakerikeridan no finawlan ato mato'asay, ato pasifana'ay to rikec a tamdaw,"" no Yutaya a pasowal: 'Oya Nacali tamdaw ci Yis Kristo, na mipacekan namo i hecek, patikolanto no Kawas pa'orip cingra nai patay.'","當時,他在耶路撒冷對猶太人的“官長、長老、抄經士”說:“拿撒勒人耶穌基督......你們把他掛在柱上,上帝卻使他從死裡復活了。”"
Glosbe,Corpora/Glosbe/CodeAndDocs/work/reference_glosbe/amis_glosbe_traditional.xml,Amis_3487,0,1,1,"Itiya, itiniay i Yirusalim cingra pasayra i ""kakerikeridan no finawlan ato mato'asay, ato pasifana'ay to rikec a tamdaw,"" no Yutaya a pasowal: 'Oya Nacali tamdaw ci Yis Kristo, na mipacekan namo i hecek, patikolanto no Kawas pa'orip cingra nai patay.'","當時,他在耶路撒冷對猶太人的“官長、長老、抄經士”說:“拿撒勒人耶穌基督......你們把他掛在柱上,上帝卻使他從死裡復活了。”"
Glosbe,Corpora/Glosbe/CodeAndDocs/work/reference_glosbe/amis_glosbe_traditional.xml,Amis_3527,0,1,1,"Cowa ko pilengo aca no Taneng 23:23 to mi'aca to so'linay kimad, pasowalayho to mami'aca kita to 'taneng, sapirikec, saka cipinang.'","箴言23:23除了提到買真理, 還說我們應該買“智慧、管教、悟性”。"
Glosbe,Corpora/Glosbe/CodeAndDocs/work/reference_glosbe/amis_glosbe_traditional.xml,Amis_3636,0,3,1,Wa padotoc kita a mikilim to 'citatodongay milifok to tahada'ocay 'orip a tamdaw',我們會繼續尋找“秉性適宜得永生的人”
Glosbe,Corpora/Glosbe/CodeAndDocs/work/reference_glosbe/amis_glosbe_traditional.xml,Amis_3686,2,0,1,"Saikor, wa milifok kita to miki'okan ni Yihofa kitaanan a ''odingaray a pasalat'.","最終,我們會享有耶和華承諾要給我們的“榮耀的自由”。"
Glosbe,Corpora/Glosbe/CodeAndDocs/work/reference_glosbe/amis_glosbe_traditional.xml,Amis_3688,2,0,1,"Mikitini i sakayat no 'madimadiay inanengay a koli', wa samaan mahapinang ita to ciharatengay ci Yis to no'adingoan a pakayraan ita hani?",我們怎樣從“忠信睿智的奴隸”的指示看出耶穌關心我們的屬靈情況?
Glosbe,Corpora/Glosbe/CodeAndDocs/work/reference_glosbe/amis_glosbe_traditional.xml,Amis_3829,0,1,1,Sata'angay sa to ngiha ci Mosi a pasowal: ' Cima ko midopoay ci Yihofaan?,摩西大聲地說:“誰擁護耶和華?
Glosbe,Corpora/Glosbe/CodeAndDocs/work/reference_glosbe/amis_glosbe_traditional.xml,Amis_3848,0,2,1,"O roma, masowalay ni Yihofa i Fangcalay Cudad ko Hongti Kitakit ni Misiya, somowalayho Cingra o mapasimalay Krisciyang iraay ko hatokel, tayra i kakarayan tahada'oc a ma'orip, o 'roma lopay'ay siri' wa itini i sera a Lakoing tahada'oc a ma'orip.","此外,耶和華在聖經提到了彌賽亞王國,也談到受膏基督徒有希望在天上享永生,而“另外的綿羊”則是有希望永遠生活在地上的樂園裡。("
Glosbe,Corpora/Glosbe/CodeAndDocs/work/reference_glosbe/amis_glosbe_traditional.xml,Amis_4023,0,2,1,"O roma, masowalay ni Yihofa i Fangcalay Cudad ko Hongti Kitakit ni Misiya, somowalayho Cingra o mapasimalay Krisciyang iraay ko hatokel, tayra i kakarayan tahada'oc a ma'orip, o 'roma lopay'ay siri' wa itini i sera a Lakoing tahada'oc a ma'orip.","此外,耶和華在聖經提到了彌賽亞王國,也談到受膏基督徒有希望在天上享永生,而“另外的綿羊”則是有希望永遠生活在地上的樂園裡。("
Glosbe,Corpora/Glosbe/CodeAndDocs/work/reference_glosbe/amis_glosbe_traditional.xml,Amis_4108,0,2,1,"Itiniay i saka cecay hahekalan, o roma tamdaw hano 'pa'aca' to so'linay kimad hani?","在1世紀,為什麼有些人“賣”掉真理?"
Glosbe,Corpora/Glosbe/CodeAndDocs/work/reference_glosbe/amis_glosbe_traditional.xml,Amis_4139,0,1,1,Sanay ko ca'of ni Yis: 'Cowa ko noni hekal ko Hongti Kitakit ako.',耶穌回答說:“我的王國不屬於這個世界。”(
Glosbe,Corpora/Glosbe/CodeAndDocs/work/reference_glosbe/amis_glosbe_traditional.xml,Amis_4162,0,2,1,"O roma mihongyakan a Fangcalay Cudad, o 'cango'otay' mihongyakan to ""awaay ko kapo"", ""awaay ko epoc,"" ""cowa ko kalimelaan.""",有些聖經譯本將“貧乏”翻譯為“無用”、“無意義”、“乏用”。
Glosbe,Corpora/Glosbe/CodeAndDocs/work/reference_glosbe/amis_glosbe_traditional.xml,Amis_4181,0,1,1,Sanay ko ca'of ni Yis: 'Cowa ko noni hekal ko Hongti Kitakit ako.',耶穌回答說:“我的王國不屬於這個世界。”(
Glosbe,Corpora/Glosbe/CodeAndDocs/work/reference_glosbe/amis_glosbe_traditional.xml,Amis_4187,0,3,1,3 'Itini i saikoray lintad o pasangaray a si'ayawen a 'awaled' sanay ci Pawlo.,"3 保羅寫到,“最後的日子”會是個“難以應付的非常時期”。"
Glosbe,Corpora/Glosbe/CodeAndDocs/work/reference_glosbe/amis_glosbe_traditional.xml,Amis_4208,0,1,1,"Itini Loma 15:5 somowalay to pairaen ko 'harateng ni Kristo Yis,' sanay .",羅馬書15:5也提到要有“基督耶穌的思想態度”。
Glosbe,Corpora/Glosbe/CodeAndDocs/work/reference_glosbe/amis_glosbe_traditional.xml,Amis_4211,0,2,1,"Itini Yohani 15:4-10 toni pina sinael, kinapinaay masowal ni Yis ko 'mararid' sanay a tilid, paihekal to kalimelaan ko mihadidiay.","在約翰福音15:4-10這短短的幾節經文中,耶穌多次用“時刻”一詞來強調忍耐的必要性。"
Glosbe,Corpora/Glosbe/CodeAndDocs/work/reference_glosbe/amis_glosbe_traditional.xml,Amis_4218,0,3,1,"Palimo'otay ci Yis to nisawawaan padama to tamdaw 'malo Krisciyang . . . , mipaino' cangranan,' sanay .","耶穌吩咐門徒要幫助人做基督徒,“給他們施浸”。("
Glosbe,Corpora/Glosbe/CodeAndDocs/work/reference_glosbe/amis_glosbe_traditional.xml,Amis_4227,0,1,1,"Saka 2 Korinto 3:17, sanay ko sowal, 'icowaay ko fangcalay saocor ni Yihofa, iraay ko pasalat itira.'","6 以耶和華的觀點看事情不表示我們不能有任何想法或意見,正如哥林多後書3:17說的:“耶和華的靈在哪裡,哪裡就有自由。”"
Glosbe,Corpora/Glosbe/CodeAndDocs/work/reference_glosbe/amis_glosbe_traditional.xml,Amis_4232,0,1,1,"Taneng 3:11, 12 sanay : 'Wawaaw ako, aka mana'ay to sarikec ni Yihofa . . . samanen o kaolahan ni Yihofa a tamdaw mirikecan Ningra.'","箴言3:11,12說:“我兒啊,耶和華的管教你不可拒絕......因為耶和華責備他所愛的人。”"
Glosbe,Corpora/Glosbe/CodeAndDocs/work/reference_glosbe/amis_glosbe_traditional.xml,Amis_4270,0,1,1,'Ayaw no somowal ci Yis to kilang no fadisoso'a sapatinako pasowalay to tarokos: 'Pafelien ako kamo to dipayal no mako.',耶穌在講葡萄樹的比喻前對使徒說:“我......把我的平安賜給你們。”
Glosbe,Corpora/Glosbe/CodeAndDocs/work/reference_glosbe/amis_glosbe_traditional.xml,Amis_4275,0,3,1,"19 Pasowalan ni Yis ko nisawawaan: 'Ano micerid kamo midofdof to sowal ako, o so'linayto a nisawawaan ako. Wa mafana' kamo to so'linay kimad, wa pasalaten no so'linay kimad kamo .'","19 耶穌對門徒說:“你們時刻遵守我的話語,就真是我的門徒了。 你們會認識真理,真理會叫你們自由。”("
Glosbe,Corpora/Glosbe/CodeAndDocs/work/reference_glosbe/amis_glosbe_traditional.xml,Amis_4392,1,1,1,"Pakayni i sowal ni Yihofa ato fangcalay saocor, ato misadakan iso a 'icel, wa nga'ay padama to wawa iso, ' ira ko taneng nga'ay malidong.'","通過耶和華的話語和聖靈,以及你付出的努力,能幫助你的孩子“有智慧可以得救”。"
Glosbe,Corpora/Glosbe/CodeAndDocs/work/reference_glosbe/amis_glosbe_traditional.xml,Amis_4442,0,2,1,"O roma, masowalay ni Yihofa i Fangcalay Cudad ko Hongti Kitakit ni Misiya, somowalayho Cingra o mapasimalay Krisciyang iraay ko hatokel, tayra i kakarayan tahada'oc a ma'orip, o 'roma lopay'ay siri' wa itini i sera a Lakoing tahada'oc a ma'orip.","此外,耶和華在聖經提到了彌賽亞王國,也談到受膏基督徒有希望在天上享永生,而“另外的綿羊”則是有希望永遠生活在地上的樂園裡。("
Glosbe,Corpora/Glosbe/CodeAndDocs/work/reference_glosbe/amis_glosbe_traditional.xml,Amis_4477,0,1,1,"Taneng 3:11, 12 sanay: 'Wawaaw ako, aka mana'ay to sarikec ni Yihofa . . . samanen o kaolahan ni Yihofa a tamdaw mirikecan Ningra.'","箴言3:11,12說:“我兒啊,耶和華的管教你不可拒絕......因為耶和華責備他所愛的人。”"
Glosbe,Corpora/Glosbe/CodeAndDocs/work/reference_glosbe/amis_glosbe_traditional.xml,Amis_4488,0,1,1,"So'lin ano caka pasowal cangra, latek mamatira ci Tafitian ko harateng nangra: 'Nanay pahemeken no tamdaw kiso to nika citanengay kiso!'","即使別人沒有說出口,說不定他們很想對我們說:“願人贊賞你明白事理。”"
Glosbe,Corpora/Glosbe/CodeAndDocs/work/reference_glosbe/amis_glosbe_traditional.xml,Amis_4495,0,1,1,21 'Nanay Pahemeken no Tamdaw Kiso to Nika Citanengay Kiso!',21頁 “願人贊賞你明白事理”
Glosbe,Corpora/Glosbe/CodeAndDocs/work/reference_glosbe/amis_glosbe_traditional.xml,Amis_4883,0,3,1,3 ' Itini i saikoray lintad o pasangaray a si'ayawen a 'awaled' sanay ci Pawlo.,"3 保羅寫到,“最後的日子”會是個“難以應付的非常時期”。"
Glosbe,Corpora/Glosbe/CodeAndDocs/work/reference_glosbe/amis_glosbe_traditional.xml,Amis_4907,0,1,1,"Itini Loma 15:5 somowalay to pairaen ko 'harateng ni Kristo Yis,' sanay.",羅馬書15:5也提到要有“基督耶穌的思想態度”。
Glosbe,Corpora/Glosbe/CodeAndDocs/work/reference_glosbe/amis_glosbe_traditional.xml,Amis_4912,0,2,1,"Itini Yohani 15:4-10 toni pina sinael, kinapinaay masowal ni Yis ko 'mararid' sanay a tilid, paihekal to kalimelaan ko mihadidiay.","在約翰福音15:4-10這短短的幾節經文中,耶穌多次用“時刻”一詞來強調忍耐的必要性。"
Glosbe,Corpora/Glosbe/CodeAndDocs/work/reference_glosbe/amis_glosbe_traditional.xml,Amis_4968,2,0,1,"Itini ta'angayay kaemingay a demak no ka'orip, o so'linay Krisciyang wa 'ka sasiso'lin ko sowal'.","在生活的大小事上,真基督徒會“彼此說真實的話”。"
Glosbe,Corpora/Glosbe/CodeAndDocs/work/reference_glosbe/amis_glosbe_traditional.xml,Amis_4984,0,3,1,"4, 5. (1) Itini noka 'pica'edong to faelohay capeling,' mafana' a mirikec to harateng, hano o masaka limelaan hani?","甲)為什麼在“穿上新品格”的過程中,學習自律很重要?("
Glosbe,Corpora/Glosbe/CodeAndDocs/work/reference_glosbe/amis_glosbe_traditional.xml,Amis_4992,0,2,1,"O roma, masowalay ni Yihofa i Fangcalay Cudad ko Hongti Kitakit ni Misiya, somowalayho Cingra o mapasimalay Krisciyang iraay ko hatokel, tayra i kakarayan tahada'oc a ma'orip, o 'roma lopay'ay siri' wa itini i sera a Lakoing tahada'oc a ma'orip.","此外,耶和華在聖經提到了彌賽亞王國,也談到受膏基督徒有希望在天上享永生,而“另外的綿羊”則是有希望永遠生活在地上的樂園裡。("
Glosbe,Corpora/Glosbe/CodeAndDocs/work/reference_glosbe/amis_glosbe_traditional.xml,Amis_5068,0,4,1,"Ihekalay ci Malaki a mifana', oha 'mamangodo kita ci Yihofaan' ato 'miharateng' to ngangan Ningra.","瑪拉基明確地指出,我們必須“敬畏耶和華”和“思量”他的名字。"
Glosbe,Corpora/Glosbe/CodeAndDocs/work/reference_glosbe/amis_glosbe_traditional.xml,Amis_5099,1,1,1,Sanay ko ca'of ni Yis: ' Cowa ko noni hekal ko Hongti Kitakit ako.',耶穌回答說:“我的王國不屬於這個世界。”(
Glosbe,Corpora/Glosbe/CodeAndDocs/work/reference_glosbe/amis_glosbe_traditional.xml,Amis_5105,0,2,1,"Mihaenay, wa mikitini kita i cowa ko kalimlaan a demak 'mi'aca' to toki.","因此,我們需要從不重要的活動中“買”時間。("
Glosbe,Corpora/Glosbe/CodeAndDocs/work/reference_glosbe/amis_glosbe_traditional.xml,Amis_5133,0,1,1,'Ayaw no somowal ci Yis to kilang no fadisoso'a sapatinako pasowalay to tarokos: 'Pafelien ako kamo to dipayal no mako.',耶穌在講葡萄樹的比喻前對使徒說:“我......把我的平安賜給你們。”
Glosbe,Corpora/Glosbe/CodeAndDocs/work/reference_glosbe/amis_glosbe_traditional.xml,Amis_5165,0,2,1,"Tahira i romi'ad ni Nowa, ' adihayay miedefay ko mari'angay a demak icowacowa.'","事實上,到了挪亞的日子,“暴行遍及全地”。"
Glosbe,Corpora/Glosbe/CodeAndDocs/work/reference_glosbe/amis_glosbe_traditional.xml,Amis_5215,0,1,1,"Itiya , itiniay i Yirusalim cingra pasayra i ""kakerikeridan no finawlan ato mato'asay, ato pasifana'ay to rikec a tamdaw,"" no Yutaya a pasowal: 'Oya Nacali tamdaw ci Yis Kristo, na mipacekan namo i hecek, patikolanto no Kawas pa'orip cingra nai patay.'","當時,他在耶路撒冷對猶太人的“官長、長老、抄經士”說:“拿撒勒人耶穌基督......你們把他掛在柱上,上帝卻使他從死裡復活了。”"
Glosbe,Corpora/Glosbe/CodeAndDocs/work/reference_glosbe/amis_glosbe_traditional.xml,Amis_5245,0,2,1,"Wa falahen wa patayen ci Misiya, kawra wa miliyaw ma'orip cingra, malo 'ta'enengan a fakeloh no loma'.","彌賽亞會被棄絕和殺害,但接著他會復活,成為“屋頂的房角石”。"
Glosbe,Corpora/Glosbe/CodeAndDocs/work/reference_glosbe/amis_glosbe_traditional.xml,Amis_5333,1,1,1,"So'lin ano caka pasowal cangra, latek mamatira ci Tafitian ko harateng nangra: ' Nanay pahemeken no tamdaw kiso to nika citanengay kiso!'","即使別人沒有說出口,說不定他們很想對我們說:“願人贊賞你明白事理。”"
Glosbe,Corpora/Glosbe/CodeAndDocs/work/reference_glosbe/amis_glosbe_traditional.xml,Amis_5339,0,2,1,21 ' Nanay Pahemeken no Tamdaw Kiso to Nika Citanengay Kiso!',21頁 “願人贊賞你明白事理”
Glosbe,Corpora/Glosbe/CodeAndDocs/work/reference_glosbe/amis_glosbe_traditional.xml,Amis_5398,0,1,1,Sanay ko ca'of ni Yis: 'Cowa ko noni hekal ko Hongti Kitakit ako.',耶穌回答說:“我的王國不屬於這個世界。”(
Glosbe,Corpora/Glosbe/CodeAndDocs/work/reference_glosbe/amis_glosbe_traditional.xml,Amis_5448,0,2,1,"O roma, masowalay ni Yihofa i Fangcalay Cudad ko Hongti Kitakit ni Misiya, somowalayho Cingra o mapasimalay Krisciyang iraay ko hatokel, tayra i kakarayan tahada'oc a ma'orip, o 'roma lopay'ay siri' wa itini i sera a Lakoing tahada'oc a ma'orip.","此外,耶和華在聖經提到了彌賽亞王國,也談到受膏基督徒有希望在天上享永生,而“另外的綿羊”則是有希望永遠生活在地上的樂園裡。("
Glosbe,Corpora/Glosbe/CodeAndDocs/work/reference_glosbe/amis_glosbe_traditional.xml,Amis_5541,2,0,1,"Mahecaday kita ci Yihofaan, makalimay micada ko tamdaw to so'linay kimad a 'ma'orip'.","我們像耶和華一樣,衷心盼望別人接受真理而“活下去”。("
Glosbe,Corpora/Glosbe/CodeAndDocs/work/reference_glosbe/amis_glosbe_traditional.xml,Amis_5602,0,3,1,"4 Sowal ni Yis ci Akoma Satan 'miliyangay to so'linay kimad , samanen awaay ko so'linay kimad ilaloma' ningra.'","4 耶穌說魔鬼撒但“沒有在真理中站穩,因為真理不在他裡面”。"
Glosbe,Corpora/Glosbe/CodeAndDocs/work/reference_glosbe/amis_glosbe_traditional.xml,Amis_5608,0,1,1,"Cowa ko pilengo aca no Taneng 23:23 to mi'aca to so'linay kimad , pasowalayho to mami'aca kita to 'taneng, sapirikec, saka cipinang.'","箴言23:23除了提到買真理, 還說我們應該買“智慧、管教、悟性”。"
Glosbe,Corpora/Glosbe/CodeAndDocs/work/reference_glosbe/amis_glosbe_traditional.xml,Amis_5629,0,3,1,"19 Pasowalan ni Yis ko nisawawaan: 'Ano micerid kamo midofdof to sowal ako, o so'linayto a nisawawaan ako. Wa mafana' kamo to so'linay kimad , wa pasalaten no so'linay kimad kamo.'","19 耶穌對門徒說:“你們時刻遵守我的話語,就真是我的門徒了。 你們會認識真理,真理會叫你們自由。”("
Glosbe,Corpora/Glosbe/CodeAndDocs/work/reference_glosbe/amis_glosbe_traditional.xml,Amis_5650,0,2,1,"Itiniay i saka cecay hahekalan, o roma tamdaw hano 'pa'aca' to so'linay kimad hani?","在1世紀,為什麼有些人“賣”掉真理?"
Glosbe,Corpora/Glosbe/CodeAndDocs/work/reference_glosbe/amis_glosbe_traditional.xml,Amis_5674,0,2,1,"Itini Yohani 15:4-10 toni pina sinael, kinapinaay masowal ni Yis ko 'mararid' sanay a tilid, paihekal to kalimelaan ko mihadidiay.","在約翰福音15:4-10這短短的幾節經文中,耶穌多次用“時刻”一詞來強調忍耐的必要性。"
Glosbe,Corpora/Glosbe/CodeAndDocs/work/reference_glosbe/amis_glosbe_traditional.xml,Amis_5773,0,2,1,"23 Kaemangay Tamdaw —Ka 'Padotoc Misa'icel, Milahecito Sakalidong Namo a Tayal'","23頁 年輕人要“不斷努力,完成使你們得救的工作”"
Glosbe,Corpora/Glosbe/CodeAndDocs/work/reference_glosbe/amis_glosbe_traditional.xml,Amis_5786,2,0,1,"Itini ta'angayay kaemingay a demak no ka'orip, o so'linay Krisciyang wa 'ka sasiso'lin ko sowal'.","在生活的大小事上,真基督徒會“彼此說真實的話”。"
Glosbe,Corpora/Glosbe/CodeAndDocs/work/reference_glosbe/amis_glosbe_traditional.xml,Amis_5817,0,2,1,"Kaemangay Tamdaw —ka 'Padotoc Misa'icel, Milahecito Sakalidong Namo a Tayal'","年輕人要“不斷努力,完成使你們得救的工作”"
Glosbe,Corpora/Glosbe/CodeAndDocs/work/reference_glosbe/amis_glosbe_traditional.xml,Amis_5850,0,1,1,"Itiya, itiniay i Yirusalim cingra pasayra i ""kakerikeridan no finawlan ato mato'asay, ato pasifana'ay to rikec a tamdaw,"" no Yutaya a pasowal: 'Oya Nacali tamdaw ci Yis Kristo, na mipacekan namo i hecek, patikolanto no Kawas pa'orip cingra nai patay .'","當時,他在耶路撒冷對猶太人的“官長、長老、抄經士”說:“拿撒勒人耶穌基督......你們把他掛在柱上,上帝卻使他從死裡復活了。”"
Safolu-Amis-Dictionary,Corpora/Safolu-Amis-Dictionary/XML/Amis/Safolu/amis_safolu_examples.xml,S00963,0,3,0,'Atekes ko 'aca nona riko'.,
Presidential_Apologies,Corpora/Presidential_Apologies/XML/Amis/Amis.xml,14,0,2,2,"Pakaynien ako i cecay a taneng no Yin- cu-min-cu, a pasowal to demak anini. I sowal no Tayal ""so'linay a demak"" sanay i, ""Balay"" han. ""kasasisolol"" sanay i ""Sbalay"" han, 'ayaw no ""Balay"" a tilid tongal han to ""s"" a tilid i, ""so'lin a demak"" ato ""kasasisolol"" a sowal i makakafitay sanay. Ano pahci^ han ko sowal i, so'linay a kasasisolol i, deng so'linen ko faloco' a masaso'ayaw ta malahci ko demak.","請容我用一個原住民族的智 慧，來說明今天的場合。在泰 雅族的語言裡，「真相」， 叫做 Balay。而「和解」叫做 Sbalay，也就是在 Balay 之前 加一個 S 的音。真相與和解， 其實是兩個相關的概念。換句 話說，真正的和解，只有透過 誠懇面對真相，才有可能達成。 || Please allow me to shed light on this occasion with a piece of indigenous wisdom. In the Atayal language, truth is called ""Balay"", and reconciliation is called ""Sbalay"", so you simply add an ""S"" sound to ""Balay"". Truth and reconciliation are in fact two related concepts. In other words, only by facing the truth sincerely can reconciliation be attained."
ePark,Corpora/ePark/XML/zu_yu_duan_wen_indigenous_language_essays/Amis/Malan_Amis.xml,87,0,2,2,"Mita'elif to kami toya paliwalay to koko', sowal sa koya tawki, ""O maan ko 'a'acaen iso? Ta'angayay a masoesoay ko koko' anini, tolo so'ot ko cecay a koko'.""","我們經過了肉攤，老闆說:＂你要買什麼?今天的雞又大又肥，一隻300元。＂ || We passed the meat stall, and the boss said, ""What do you want to buy? Today's chickens are big and fat, and one is 300 NTD."""
ePark,Corpora/ePark/XML/wen_hua_pian_cultural_section/Amis/Southern_Amis.xml,232,0,2,0,"nanu suwal nu matu'asay, anu makedal caay ka 'uradan, tayni ku vavahi nu niyaru' a miradum, a misalisin tu misa 'urad, u aayaw nu lisin, mililuc hen i tevung misadimel tu tireng,",
ePark,Corpora/ePark/XML/wen_hua_pian_cultural_section/Amis/Hengchun_Amis.xml,46,0,2,1,"Kitinika'amis i ho^po, tahila i katimol i Sofong a 'alo, ila ko Natawran, Pokpok, Lidaw, Cikasoan, o ta'anga'angayay a niyaro'.",主要部落有：荳蘭、薄薄、里漏、七腳川等；因位居泰雅族北勢群的南方，故相對稱為＂南勢阿美＂。
ePark,Corpora/ePark/XML/wen_hua_pian_cultural_section/Amis/Hengchun_Amis.xml,266,0,1,1,"sacaciyaw sa cingra 'o cima kona mamalitemoh no mako hokiya?' sa a mi sacaciyaw, so'elin sa malitemoh ningra ko widang ningra.""",他會喃喃自語：＂我會遇到誰呢？＂還真的遇見了他的朋友。＂
ePark,Corpora/ePark/XML/wen_hua_pian_cultural_section/Amis/Xiuguluan_Amis.xml,40,0,2,1,"O roma sato, o ""mami^"" han no 'amis ko ""karo'"" no Siwkolang, o ""kamoraw"" han no Pasawali ato Palidaw, o ""wirok"" han no Poskoay, o ""ceroh"" han no Cikasoan.",例如，＂柚子＂南勢阿美用mami^，秀姑巒及海岸阿美用karo’，馬蘭及恆春用kamoraw，玉里也區則用wirok，七腳川阿美用ceroh。
ePark,Corpora/ePark/XML/wen_hua_pian_cultural_section/Amis/Xiuguluan_Amis.xml,236,0,2,0,"Pakayni aniniay a 'orip o kalongoc to sakalecadaw no fafahian ato fa'inayan hananay i, paso'elin kita o kakahemekan no faifahi' ko matiniay a pakayraan.",
ePark,Corpora/ePark/XML/wen_hua_pian_cultural_section/Amis/Coastal_Amis.xml,28,0,3,1,"O no timolan a Pangcah, nai Hopo tahira i katimol i Rinahem a 'alo, ira ko Natawran, Pokpok, Lidaw, Cikaso'an ko tata'angay a niyaro', katimol no Tayan a matatapal ko paniyaro', saka no timolan han no cifenekay a pangangan.",南勢阿美群：北自新城鄉境的北浦，南至壽豐溪，主要部落有：主要部落有荳蘭、薄薄、里漏、七腳川等；因位居泰雅族北勢群的南方，故稱為＂南勢阿美＂。
ePark,Corpora/ePark/XML/wen_hua_pian_cultural_section/Amis/Coastal_Amis.xml,173,0,2,1,"Pasowal sa ko kalas, ano makera to ko kakedalan, sa'opoen no kakitaan ko maponengay a fafahiyan, mitatoy to pahpah no lengac tayra i 'alo malalesilesi', o ta todong nonini a sowal i, nawhani awaay to ko fa'inay, mato tatirengan makedal manikaw to salang.",耆老解釋：＂如果遇到乾旱，部落領袖會邀集寡婦拿着月桃葉子在溪流中相互潑水。＂涵義是：因為沒了老公，就像身體乾旱缺乏水源。
ePark,Corpora/ePark/XML/yue_du_shu_xie_pian_reading_writing/Amis/Hengchun_Amis.xml,128,0,2,1,"A'odo'odoc, la'afa'afas sanay ko nika 'orip anini i, paini ci Yis to saka nga'ay ita, sowal sa ""hatiyaen o misakoloay a tamdaw a misapo^ner ko faloco', nawhani, awaay ko maamaan aca a milongocan no misakoloay a tamdaw.",原來耶穌的意思告訴處於爭權奪利社會的今天，以上的事件告訴我們 ，誰是真正偉大的人，應該是＂謙諀的像佣人＂，因為佣人在社會中沒有 身份、沒有地位、沒有企圖…………，只有順服，默默的工作，無怨無悔 。
ePark,Corpora/ePark/XML/yue_du_shu_xie_pian_reading_writing/Amis/Xiuguluan_Amis.xml,154,0,4,1,"'A'odo'odot, 'a'afa'afas sanay ko nika 'orip anini i, paini ci Yis to saka nga'ay ita, sowal sa ""samatiyaen o koli a tamdaw a misapoener ko faloco', nawhani, awaay ko maamaan aca a nilongocan no koli a tamdaw.",原來耶穌的意思告訴處於爭權奪利社會的今天，以上的事件告訴我們，誰是真正偉大的人，應該是＂謙諀的像佣人＂，因為佣人在社會中沒有身份、沒有地位、沒有企圖......，
ePark,Corpora/ePark/XML/yue_du_shu_xie_pian_reading_writing/Amis/Coastal_Amis.xml,273,0,2,1,"Ira ko todong to sapalowad, i 'ayaw no ilisin, parengreng to kapah, masaopo i taloan no niyaro',",有一個重要的儀式，＂成年禮＂即越野體能賽跑，豊年祭之前，在部落聚會所集合，
ePark,Corpora/ePark/XML/jiu_jie_jiao_cai_nine_level_materials/Amis/Xiuguluan_Amis.xml,3199,0,4,1,"Pasowal ko kaka^ ako, ''O ilisin no niyaro' ko kakaoronan niyam i Tay-pak.'' saan.",我哥哥說：＂我們在台北最懷念的，就是家鄉的豐年祭。＂
