xml_path,validator_rule,action,element_tag,xml_id,field_tag,field_kind,before_sha256,after_sha256
Grammar/Kanakanavu/Kanakanavu.xml,V121,remove_annotated_lexical_unit,W,15_S_10_W2,FORM,,be2d9db866fd7d5d58f08e665ddc964aeb4cfe2ec7b33c1471087d6fe91a7c1e,
Grammar/Sakizaya/Sakizaya.xml,V121,remove_annotated_lexical_unit,W,10_S_2_W1,FORM,,ceba52145fb8072b78059de3a4c6103d49b560678520f014e85bb76d04763b78,
Sentences/Bunun/Bunun.xml,V121,remove_annotated_lexical_unit,W,36_S_1_W7,FORM,,5c733be423a5dd9264ad522f88f9745c0de4e9c1f27fdec9425a8df5bee39f8b,
Sentences/Bunun/Bunun.xml,V121,remove_annotated_lexical_unit,W,36_S_3_W2,FORM,,23664d928db5831127966a35a85b37a7208d1237b0ac83087f9f51b6400e65e1,
Sentences/Bunun/Bunun.xml,V121,remove_annotated_lexical_unit,W,36_S_15_W0,FORM,,320b3a63e006884902065a2d9ab9b9db6f8b0bccd92faac6a8d5084a297ecb7b,
Sentences/Bunun/Bunun.xml,V121,remove_annotated_lexical_unit,W,36_S_16_W0,FORM,,ce9dfaef99b4104cbfb953665413ab60fa4eecabf220e4c8b726878a8ed316b6,
Sentences/Bunun/Bunun.xml,V121,remove_annotated_lexical_unit,W,01-1_S_10_W0,FORM,,31deccdcb3983c75dc088641c80c080615673fffddc635cebc3bb11ba6af3110,
Sentences/Bunun/Bunun.xml,V121,remove_annotated_lexical_unit,W,26_S_4_W3,FORM,,c6d9a673a330b12f25050c595f1827d6cfe924bd2eae1e9f5d831106915dbec8,
Sentences/Bunun/Bunun.xml,V121,remove_annotated_lexical_unit,W,30_S_4_W4,FORM,,a717de4492419cb4f247ab5f1d3a04b5dd2e5a7b01cf796a403154399eefbc0e,
Sentences/Bunun/Bunun.xml,V121,remove_annotated_lexical_unit,W,30_S_4_W5,FORM,,e0647a7f1bdeb85b41630f684d37efc9f2c6c8e812098f5087527a7044150b6a,
Sentences/Bunun/Bunun.xml,V121,remove_annotated_lexical_unit,W,30_S_5_W2,FORM,,619ffae94c37f9df6a1b0efb9deba0f71158d47d9ec8f3862401585ed3926d0d,
Sentences/Bunun/Bunun.xml,V121,remove_annotated_lexical_unit,W,28_S_6_W0,FORM,,55f3f2aaaf66dcbd16a774d765d1ecfe80f583bd2bf52eab7790e4d56251749a,
Sentences/Bunun/Bunun.xml,V121,remove_annotated_lexical_unit,W,28_S_7_W0,FORM,,1c4232bdd681fa77125a6b905c31c6828ade65891a12a2a3d1186607adf685b9,
Sentences/Bunun/Bunun.xml,V121,remove_annotated_lexical_unit,W,12_S_2_W1,FORM,,85b72661b54038c74a0c323da6b00634dca610ffc3a588bfc3dc07121c8b8ba5,
Sentences/Bunun/Bunun.xml,V121,remove_annotated_lexical_unit,W,01-4_S_1_W0,FORM,,19a8529d02fc6fce5674b9293d5a4dc72b807a566f1512c35c6fb9067ec5bf0d,
Sentences/Bunun/Bunun.xml,V121,remove_annotated_lexical_unit,W,01-4_S_2_W0,FORM,,6a05a363519a1c7a587443ebb0000b9d2da5b95602f76c6ec958b8f1586c6aed,
Sentences/Bunun/Bunun.xml,V121,remove_annotated_lexical_unit,W,48_S_22_W0,FORM,,a5b77c7f11823f9a662fc772238bf044a556f3f23ab11928504371340e427373,
Sentences/Bunun/Bunun.xml,V121,remove_annotated_lexical_unit,W,64_S_3_W3,FORM,,f8259c70da28970604d986837d0a0d3d6b967618646bd06abe02e5575937921a,
Sentences/Bunun/Bunun.xml,V121,remove_annotated_lexical_unit,W,64_S_4_W0,FORM,,4925dcde7086697f1f27c0c30e8e196782ca8fff3362d0f2959fa05e881a977a,
Sentences/Bunun/Bunun.xml,V121,remove_annotated_lexical_unit,W,64_S_49_W3,FORM,,dfdfe41f2eae4b2e66705a48360f479907900c10ea9b282515ab8caf562a68bb,
Sentences/Bunun/Bunun.xml,V121,remove_annotated_lexical_unit,W,34_S_7_W0,FORM,,543aae6a786f8c6bee472b133f4c99f8c374121fc38a08a1ecb593875ab522b0,
Sentences/Bunun/Bunun.xml,V121,remove_annotated_lexical_unit,W,63_S_18_W0,FORM,,0e7047c04d37fcf4c72344d5127a88e4aa8dca72fb744ab7503adf4386196a0b,
Sentences/Bunun/Bunun.xml,V121,remove_annotated_lexical_unit,W,63_S_41_W0,FORM,,11a8ebaf41c1d8178e6c2acc5b1415efd131c66e134ac3b88f5b2e855b04cb91,
Sentences/Bunun/Bunun.xml,V121,remove_annotated_lexical_unit,W,63_S_42_W0,FORM,,33de7ad31591b7e9667bedb72649ea6a34bb13c4777d11f0aa8004899f492ae9,
Sentences/Bunun/Bunun.xml,V121,remove_annotated_lexical_unit,W,63_S_294_W1,FORM,,ed6868fa46801547c8c231e16a1ad2c826866be7892dfa0b662d62e618d80a56,
Sentences/Bunun/Bunun.xml,V121,remove_annotated_lexical_unit,W,63_S_460_W3,FORM,,a5ace1d35c0372895c89564a7ea2def1496278bb2f3df5194637dd1a1cbb9ab4,
Sentences/Bunun/Bunun.xml,V121,remove_annotated_lexical_unit,W,63_S_478_W0,FORM,,ca33afc538a367f0b96dcce2ee135ec05412c2c5fafa8a0b578b2221066cad0f,
Sentences/Bunun/Bunun.xml,V121,remove_annotated_lexical_unit,W,63_S_479_W0,FORM,,179c08dfd7440b1165ee731b9f22cfbe1126a7d061804756d5985df196b108d5,
Sentences/Bunun/Bunun.xml,V121,remove_annotated_lexical_unit,W,63_S_498_W4,FORM,,ce166d7f0503d629ca0fccc4766def3c2e3156724c77307a50fa96c7d1e1130e,
Sentences/Bunun/Bunun.xml,V121,remove_annotated_lexical_unit,W,63_S_498_W5,FORM,,3272666c41dabaa827c3fac6ce1361726b4aad771887f1f98c40e228ad731e4c,
Sentences/Bunun/Bunun.xml,V121,remove_annotated_lexical_unit,W,63_S_499_W2,FORM,,8bb876483487c3e6c49e45cc68599f56c9c3ae7c3a60463c5900daeb9ff53af4,
Sentences/Bunun/Bunun.xml,V121,remove_annotated_lexical_unit,W,63_S_537_W0,FORM,,6acd800e07a633811cf8555f416f7ea482d3f63e0115e52326af4a884b86c8ec,
Sentences/Bunun/Bunun.xml,V121,remove_annotated_lexical_unit,W,63_S_552_W7,FORM,,f12c66e907b82f26962accb88b275793e8b3777997c23f9331639ea5c2fa8f9c,
Sentences/Bunun/Bunun.xml,V121,remove_annotated_lexical_unit,W,63_S_554_W2,FORM,,33c314ac519f88f8a4e7813367ccecd684301e923453c784e56eee79785058d9,
Sentences/Bunun/Bunun.xml,V121,remove_annotated_lexical_unit,W,63_S_566_W0,FORM,,2a0d765cd35c0c15c6a8c0336ec0be3b0afdf2dee0ffe49005433663af141361,
Sentences/Bunun/Bunun.xml,V121,remove_annotated_lexical_unit,W,63_S_567_W0,FORM,,a98932b9f65dc0651548d4705fc106d3562d7d6eec16d3ff04d82446858aab8a,
Sentences/Bunun/Bunun.xml,V121,remove_annotated_lexical_unit,W,63_S_625_W0,FORM,,08cf758c877ec1b2ac9f44d68af3567a682eef23694efc42f6b81a15b072dcbc,
Sentences/Bunun/Bunun.xml,V121,remove_annotated_lexical_unit,W,63_S_637_W1,FORM,,14102659c1c42f925841ff5850a72883f4a2c6fce0f9f887bfea141b6124878f,
Sentences/Bunun/Bunun.xml,V121,remove_annotated_lexical_unit,W,63_S_638_W1,FORM,,99758aa981ae65737325f4fed383ea2dfb3c8b1bbc11ddc871a5a45832ed45fe,
Sentences/Bunun/Bunun.xml,V121,remove_annotated_lexical_unit,W,63_S_686_W0,FORM,,cba5d16e56bcbec8375e08f96f437fbebf45c6e31857abd73cd5897234b6e51c,
Sentences/Bunun/Bunun.xml,V121,remove_annotated_lexical_unit,W,39_S_42_W0,FORM,,d991341247db4acf96d727d12f37f46b9d6962afcb0f0d0024d143bb476ab18c,
Sentences/Bunun/Bunun.xml,V121,remove_annotated_lexical_unit,W,39_S_54_W1,FORM,,f0036c2d23ee5f9fc5d87448b090104bc964f5b71acc426fc9aeb280836963ec,
Sentences/Bunun/Bunun.xml,V121,remove_annotated_lexical_unit,W,39_S_55_W1,FORM,,9af3ae00005d158471ec481bb0b0cc170892091a62a273842af76da682ce814c,
Sentences/Kanakanavu/Kanakanavu.xml,V121,remove_annotated_lexical_unit,W,1_S_359_W0,FORM,,bfb7fe7e29da285f853fdf8a2832007447466c1377c9d56a5b809a0e8bfcf008,
Sentences/Kanakanavu/Kanakanavu.xml,V121,remove_annotated_lexical_unit,W,2_S_1_v1_W5,FORM,,9e3270b1a7b0999c189bb999613de5b46c127690ff9be04291a3b589092f3936,
Sentences/Kanakanavu/Kanakanavu.xml,V121,remove_annotated_lexical_unit,W,2_S_1_v1_W7,FORM,,86b5cbaa049023bc87251615c6328e6a3368fb3a90bbd5cf868136e966889f37,
Sentences/Kanakanavu/Kanakanavu.xml,V121,remove_annotated_lexical_unit,W,2_S_1_v2_W5,FORM,,8b0b10ea49c27665db9fb090f76edeafc5ac5c6c366621be819a41d6d24801f8,
Sentences/Kanakanavu/Kanakanavu.xml,V121,remove_annotated_lexical_unit,W,2_S_1_v2_W7,FORM,,2e477cc734c8b50a9aa59aab49c1bf45d0393bc9e759974c4f2ae8efbfb2f712,
Sentences/Kanakanavu/Kanakanavu.xml,V121,remove_annotated_lexical_unit,W,3_S_1_v1_W0,FORM,,6c87d4d4dbcff470fbbc3091b931900a755e81b41fdb699d6a786d769ab8c31b,
Sentences/Kanakanavu/Kanakanavu.xml,V121,remove_annotated_lexical_unit,W,3_S_1_v1_W5,FORM,,be09c331bc3598f3154113fd588613d11a4aeff53fa6bdf6020b79847b8a4725,
Sentences/Kanakanavu/Kanakanavu.xml,V121,remove_annotated_lexical_unit,W,3_S_1_v1_W7,FORM,,8296492197670c7c8d4c3906f775f48d1f47f427d63a7a999381d62797305439,
Sentences/Kanakanavu/Kanakanavu.xml,V121,remove_annotated_lexical_unit,W,3_S_1_v2_W0,FORM,,c78890530596a287c3de4fe1ed3427cfff2475d39da58753a7dfd733e90bf0be,
Sentences/Kanakanavu/Kanakanavu.xml,V121,remove_annotated_lexical_unit,W,3_S_1_v2_W5,FORM,,aca7bbd9d11442c59f3c47fbce9d88274da16eec878f946d6509c2614b5feece,
Sentences/Kanakanavu/Kanakanavu.xml,V121,remove_annotated_lexical_unit,W,3_S_1_v2_W7,FORM,,41aefb8b41a348dfd166725a54d71e6c11eec0cbd06d24b7255f83ff828898b2,
Sentences/Kanakanavu/Kanakanavu.xml,V121,remove_annotated_lexical_unit,W,3_S_33_W5,FORM,,5f6458bea6a7201aa8eb525f7a842a49e8afb06249940957988a18a9efc9dafd,
Sentences/Kanakanavu/Kanakanavu.xml,V121,remove_annotated_lexical_unit,W,3_S_33_W6,FORM,,e2b4ab72476f03dd44ccff1bb0c39601bc7609e5fda2821a1d444afe54db9545,
Sentences/Kanakanavu/Kanakanavu.xml,V121,remove_annotated_lexical_unit,W,3_S_38_W1,FORM,,7c1126ca8ab7f88a29fb5d163cd66dec6317893063004a89a2f21dd759a6c09a,
Sentences/Kanakanavu/Kanakanavu.xml,V121,remove_annotated_lexical_unit,W,3_S_79_W1,FORM,,48b7ff979922bfb66e264df29f623c28412627ce8f1a5babf9b96a239b28b28e,
Sentences/Kanakanavu/Kanakanavu.xml,V121,remove_annotated_lexical_unit,W,3_S_96_W2,FORM,,d5333245b5fdd3bfffb685fb95c1e580ad8fee32c094671366ee5ffe60c86bda,
Sentences/Kanakanavu/Kanakanavu.xml,V121,remove_annotated_lexical_unit,W,3_S_109_v1_W1,FORM,,8c68314cabd741a3ec298dee59b433ab922e2253a00f88d555cec31a3abcb89d,
Sentences/Kanakanavu/Kanakanavu.xml,V121,remove_annotated_lexical_unit,W,3_S_109_v2_W1,FORM,,15e4ba141caed7741774f2239af7237f28de891c20e381d4096587cd72e24a3e,
Sentences/Kanakanavu/Kanakanavu.xml,V121,remove_annotated_lexical_unit,W,3_S_122_v1_W2,FORM,,96374989bdfcb15fa0142f47a235b25ac45b85bdc06bfca22e444c39347e43f9,
Sentences/Kanakanavu/Kanakanavu.xml,V121,remove_annotated_lexical_unit,W,3_S_122_v2_W2,FORM,,9ef07aa87818032e673768aec53f5043dbc69ab593c300b10200f6332245d570,
Sentences/Kanakanavu/Kanakanavu.xml,V121,remove_annotated_lexical_unit,W,3_S_194_v1_W2,FORM,,7d7d657774b7eca42ad04858563d59d0f80d69d2be45661f3959c8b412245129,
Sentences/Kanakanavu/Kanakanavu.xml,V121,remove_annotated_lexical_unit,W,3_S_194_v2_W2,FORM,,4595209c780509d7cecf2ccf0fdbbfcf59c62f03b892a25bd08241de5effa274,
Sentences/Kanakanavu/Kanakanavu.xml,V121,remove_annotated_lexical_unit,W,3_S_207_v1_W5,FORM,,076fc7fe7e28179da795ba7a3434df48490526cf9cb5a04a7d1e55d6f04f2df1,
Sentences/Kanakanavu/Kanakanavu.xml,V121,remove_annotated_lexical_unit,W,3_S_207_v2_W5,FORM,,c42f075a57b344fb6bec0d32c97f2ca04fd792a19d0bf1fedb2577d129e04fdd,
Sentences/Kanakanavu/Kanakanavu.xml,V121,remove_annotated_lexical_unit,W,3_S_299_W1,FORM,,6a653245eaee97a7076eab0e71c1d4c10afd49836c52d4665f5baa9b7f6442a5,
Sentences/Kanakanavu/Kanakanavu.xml,V121,remove_annotated_lexical_unit,W,3_S_458_W4,FORM,,633f664bd886729259285008e7ce7492838fab1b1f5dab376f111c72dcc2faae,
Sentences/Kanakanavu/Kanakanavu.xml,V121,remove_annotated_lexical_unit,W,4_S_15_W0,FORM,,e69b45d8009a195b175b8caed0afa2bcb40cb3d79b100b20f3a2055a962fc153,
Sentences/Kanakanavu/Kanakanavu.xml,V121,remove_annotated_lexical_unit,W,4_S_50_W6,FORM,,4644bbed35cc51272faf027c9ba5b49455c668b39f1e0ce91e2a51b714145ea5,
Sentences/Kanakanavu/Kanakanavu.xml,V121,remove_annotated_lexical_unit,W,4_S_51_W0,FORM,,8dbb8ea4ba4124f5fc6eec71f35c403dd59b32be84b464aeb6cdef45cfa201b3,
Sentences/Kanakanavu/Kanakanavu.xml,V121,remove_annotated_lexical_unit,W,4_S_52_W3,FORM,,0edb41cafdbfac8124323c1336adc95b06922fec34b5f4f05cfc1ece7e73dae4,
Sentences/Kanakanavu/Kanakanavu.xml,V121,remove_annotated_lexical_unit,W,4_S_53_W3,FORM,,f350a5a31f36170916e125ee484f1264cb47fd97bf03d89c71f4140be32486a8,
Sentences/Kanakanavu/Kanakanavu.xml,V121,remove_annotated_lexical_unit,W,4_S_63_W3,FORM,,22d2b9b6de60daa26b45da6b408b2bad010d7d5c4d0eef282fee6c632fd799a1,
Sentences/Kanakanavu/Kanakanavu.xml,V121,remove_annotated_lexical_unit,W,4_S_75_W3,FORM,,a835184a437815dc54e0f0427073aab74d9b1ef11dec2d11348ce1eb8de583f7,
Sentences/Kanakanavu/Kanakanavu.xml,V121,remove_annotated_lexical_unit,W,5_S_34_W3,FORM,,5dfd9974ee6e303074b68ca9a40d43b9aebd2720795ed2344ce7ae00ad594bcb,
Sentences/Rukai/Rukai.xml,V121,remove_annotated_lexical_unit,W,20200528-FW-Ludwig_S_23_W0,FORM,,1f77cad079ec0e2722dae14016de1afc010a78171e9810aa072b289061cbcaac,
Sentences/Rukai/Rukai.xml,V121,remove_annotated_lexical_unit,W,20200530-FW-Lixing-1_S_19_W3,FORM,,69ea060ec0527b4319f05544b90a48f3bdc9fbc8ae13d822f3536f328b1e31dc,
Sentences/Rukai/Rukai.xml,V121,remove_annotated_lexical_unit,W,20200529-FW-Ryan_S_6_W5,FORM,,268155e7a0786397414ec722538e427b869bfa905a1ae2368775a3da9b762f29,
Sentences/Rukai/Rukai.xml,V121,remove_annotated_lexical_unit,W,20200508-CL-7_S_19_W2,FORM,,4a89fcf5fa3905b4491d526d98ce41920e883f2935cf6c162853da1d8a1881b3,
Sentences/Rukai/Rukai.xml,V121,remove_annotated_lexical_unit,W,20200528-FW-Ryan_S_19_W3,FORM,,8021cf7fcf2b48aa417e4e19bb830a20c821d87a2c6d6f07e8dec09dc74bec2f,
Sentences/Rukai/Rukai.xml,V121,remove_annotated_lexical_unit,W,20200529-FW-Lixing-1_S_17_W0,FORM,,c09ad383fd057a7fb461d336f6e4d9540b4acb9ca266af6abb0c03fc3f469840,
Sentences/Rukai/Rukai.xml,V121,remove_annotated_lexical_unit,W,20200529-FW-Lixing-1_S_23_W1,FORM,,c265fc10f6716950fdb0d6d5880fe0bb519fe3cc3d308968fcb20812ae01bbd3,
Sentences/Rukai/Rukai.xml,V121,remove_annotated_lexical_unit,W,20200531-FW-Lixing_S_19_W4,FORM,,1f411a9c37d99f489accd81561a09859ec635dc84d04c2f3db36f48ead77c852,
Sentences/Rukai/Rukai.xml,V121,remove_annotated_lexical_unit,W,20200429-CL-6_S_19_W5,FORM,,a302978e8ad07ceb7dbf9d73f4bd4b2e57e9441890a57e9a1504e6980bc56ebb,
Sentences/Rukai/Rukai.xml,V121,remove_annotated_lexical_unit,W,20200429-CL-6_S_19_W7,FORM,,f3b44bbf804865214c039f69af9b785b4cde4ee066370e1bc90a03bca1370a46,
Stories/Bunun/Bunun_bnNr-frog_Laniahu.xml,V121,remove_annotated_lexical_unit,W,bnNr-frog_Laniahu_S_21_W0,FORM,,fc055931a91f4aac70954943cc83c676e0119d81b2da764ff3313935723eb724,
Stories/Bunun/Bunun_bnNr-frog_Laniahu.xml,V121,remove_annotated_lexical_unit,W,bnNr-frog_Laniahu_S_21_W1,FORM,,4619570964e701efc26de8e748431b550a6caa7a65712a2ed761fb000a8b114d,
Stories/Bunun/Bunun_bnNr-frog_Laniahu.xml,V121,remove_annotated_lexical_unit,W,bnNr-frog_Laniahu_S_26_W3,FORM,,377c580d669674bd2b27a0fb779d04341c7e4d3c43bc71c82eb74a776f74296b,
Stories/Bunun/Bunun_bnNr-frog_Laniahu.xml,V121,remove_annotated_lexical_unit,W,bnNr-frog_Laniahu_S_26_W4,FORM,,8924c7a33aa819c8d7511137577df23a8d1fec598c1fece523805b9afeebf9c1,
Stories/Bunun/Bunun_bnNr-frog_Laniahu.xml,V121,remove_annotated_lexical_unit,W,bnNr-frog_Laniahu_S_83_W0,FORM,,9fcc3597abf5abcfb6c81ef0e64098901871e02f57f4bdc8bb2cdcda165fcc8c,
Stories/Bunun/Bunun_bnNr-frog_Talum.xml,V121,remove_annotated_lexical_unit,W,bnNr-frog_Talum_S_0_W5,FORM,,3624b363127aee7f9392f57ea26c8c94b4e109294ef7ad483e1d981d3d0d0f1a,
Stories/Bunun/Bunun_bnNr-frog_Talum.xml,V121,remove_annotated_lexical_unit,W,bnNr-frog_Talum_S_28_W13,FORM,,26e0d4096b4b761e739f1162af155afac93ccbf12a51612db9a6315174131f58,
Stories/Bunun/Bunun_bnNr-pear_Hanaivaz.xml,V121,remove_annotated_lexical_unit,W,bnNr-pear_Hanaivaz_S_8_W7,FORM,,87a8260a0a247f75ad5ae1e3cddd69fed792d8193264163b2dfb55760933a963,
Stories/Bunun/Bunun_bnNr-pear_Laniahu.xml,V121,remove_annotated_lexical_unit,W,bnNr-pear_Laniahu_S_15_W2,FORM,,d55cde8111e99cc1251e55204f0aa119ad7ca87ac95bccd127570d04dc615286,
Stories/Bunun/Bunun_bnNr-pear_Laniahu.xml,V121,remove_annotated_lexical_unit,W,bnNr-pear_Laniahu_S_18_W3,FORM,,4789e3d7d68f90e2c714c50a969f55ecdd77890c939e418fd287d8221af51e12,
Stories/Bunun/Bunun_bnNr-pear_Laniahu.xml,V121,remove_annotated_lexical_unit,W,bnNr-pear_Laniahu_S_44_W2,FORM,,13d4ad1e1493c36b4047bd88b942298205d1e8be9e800eb78c197f515f030aa7,
Stories/Bunun/Bunun_bnNr-pear_Laniahu.xml,V121,remove_annotated_lexical_unit,W,bnNr-pear_Laniahu_S_50_W23,FORM,,99f4e3747fb65d21c2647ada63e11ab96bd6126dff0409e1b0b7f3bc7e7052e4,
Stories/Bunun/Bunun_bnNr-pear_Laniahu.xml,V121,remove_annotated_lexical_unit,W,bnNr-pear_Laniahu_S_54_W17,FORM,,27677787a4c473e579517ad39c170fca909c4f94eff39a22119aff2ea7e8b5e3,
Stories/Bunun/Bunun_bnNr-pear_Laniahu.xml,V121,remove_annotated_lexical_unit,W,bnNr-pear_Laniahu_S_54_W19,FORM,,552139a63fab2962fc1249105385dd1f66acb7b935ae045054183c661f38c921,
Stories/Bunun/Bunun_bnNr-pear_Laniahu.xml,V121,remove_annotated_lexical_unit,W,bnNr-pear_Laniahu_S_70_W6,FORM,,f3560ef5282fc9f356856106caba0ad76e1567fd470396c6a092459e949f6ba6,
Stories/Bunun/Bunun_bnNr-pear_Laniahu.xml,V121,remove_annotated_lexical_unit,W,bnNr-pear_Laniahu_S_70_W7,FORM,,04fdd0c340ab79966b7eebf4dab1f435111709cefb3f74d8006eba86838cf73d,
Stories/Bunun/Bunun_bnNr-pear_Laniahu.xml,V121,remove_annotated_lexical_unit,W,bnNr-pear_Laniahu_S_77_W15,FORM,,3aa380beb9c8a87ec6d4d7043b651fb58a8b15fdef8c6dbbbdf576a92ccb9fb5,
Stories/Bunun/Bunun_bnNr-pear_Laniahu.xml,V121,remove_annotated_lexical_unit,W,bnNr-pear_Laniahu_S_84_W0,FORM,,f3dd7b0b63418e644792b043a1cbe93323c4a60630d7d74502a0b574f2de2c82,
Stories/Kanakanavu/Kanakanavu_kkvNr-fishing_Muu.xml,V121,remove_annotated_lexical_unit,W,kkvNr-fishing_Muu_S_49_W7,FORM,,b84cf1f1caf50979b304fd63d5fb90bac8328b92d2cb37925e85a277780a00f6,
Stories/Kanakanavu/Kanakanavu_kkvNr-fishing_Muu.xml,V121,remove_annotated_lexical_unit,W,kkvNr-fishing_Muu_S_59_W2,FORM,,024d1ee194f03d54444098dbb7dde6b456f649be20c7d0d4e605c9f21084924a,
Stories/Kanakanavu/Kanakanavu_kkvNr-fishing_Muu.xml,V121,remove_annotated_lexical_unit,W,kkvNr-fishing_Muu_S_70_W4,FORM,,bfa7db9f47db4050ee087e78c618fbff2f207a44b237660775c592945b395386,
Stories/Kanakanavu/Kanakanavu_kkvNr_domestic_troubles_Muu.xml,V121,remove_annotated_lexical_unit,W,kkvNr_domestic_troubles_Muu_S_85_W1,FORM,,20b6149b4f941cccbceb951debc71acd020ad44c77afd83e134d45315cd67e26,
Stories/Kanakanavu/Kanakanavu_kkvNr_frog_Uva.xml,V121,remove_annotated_lexical_unit,W,kkvNr_frog_Uva_S_74_W8,FORM,,7dee7fe8ad170b1e36c3322d3f564013277808a621b57c63eb189a7ac804f4ea,
Stories/Kanakanavu/Kanakanavu_kkvNr_millet_Muu.xml,V121,remove_annotated_lexical_unit,W,kkvNr_millet_Muu_S_27_W4,FORM,,41efcbffd5ca07c69f2324c08e15d99b889a710115ac742aa497a67fba3bd01e,
Stories/Kanakanavu/Kanakanavu_kkvNr_millet_Muu.xml,V121,remove_annotated_lexical_unit,W,kkvNr_millet_Muu_S_92_W12,FORM,,027fa405282d87d885da205ce8ad7a15320bd3803d5bbed607d2393465b58588,
Stories/Kavalan/Kavalan_KavNr-frog_abas.xml,V121,remove_annotated_lexical_unit,W,KavNr-frog_abas_S_80_W0,FORM,,03f7e85df7335d5a7bff81f0b28e4f540c3cf6caf23f1edfea6f40a2e37612d9,
Stories/Rukai/Rukai_RukaiNr-frog_Kainguane.xml,V121,remove_annotated_lexical_unit,W,RukaiNr-frog_Kainguane_S_17_W6,FORM,,b72aa68cc358832d00a11516b27dacd39ffc688ac5982c34305f2d918d71ba2e,
Stories/Rukai/Rukai_RukaiNr-frog_Kainguane.xml,V121,remove_annotated_lexical_unit,W,RukaiNr-frog_Kainguane_S_39_W3,FORM,,7487698e0f5c71d124de79524ce9a2573d6a055adb223ecbc0eb7ff304da7d3a,
Stories/Rukai/Rukai_RukaiNr-frog_Kainguane.xml,V121,remove_annotated_lexical_unit,W,RukaiNr-frog_Kainguane_S_39_W8,FORM,,632ad16b5c0d671ead1c874000f8eb29b4204c9f0e9e6ed3c22f7373a7661c19,
Stories/Saisiyat/Saisiyat_SaiNr-election_lahi_ a taro_ babay.xml,V121,remove_annotated_lexical_unit,W,SaiNr-election_lahi_ a taro_ babay_S_12_W3,FORM,,7582104fbe4cc98adc2c565837577dd33e4e569a4713231f9c3db7f807302a14,
Stories/Saisiyat/Saisiyat_SaiNr-election_lahi_ a taro_ babay.xml,V121,remove_annotated_lexical_unit,W,SaiNr-election_lahi_ a taro_ babay_S_48_W7,FORM,,6e77912e5ae6b0c3a7925321e3c47e0137faa1e0a638a2f8ce379418ece1e726,
Stories/Saisiyat/Saisiyat_SaiNr-flood_waon a boong.xml,V121,remove_annotated_lexical_unit,W,SaiNr-flood_waon a boong_S_2_W6,FORM,,ec44998d9bb8221f79b73ddef2344090597f376cc7039612ec033617932dc324,
Stories/Saisiyat/Saisiyat_SaiNr-frog5__awi_ a basi_.xml,V121,remove_annotated_lexical_unit,W,SaiNr-frog5__awi_ a basi__S_68_W16,FORM,,b0b5db9c75f29c3847548abf1d8c0e49ea4a5fb9e76377170e7e2c3f1cd70f45,
Stories/Saisiyat/Saisiyat_SaiNr-frog5__awi_ a basi_.xml,V121,remove_annotated_lexical_unit,W,SaiNr-frog5__awi_ a basi__S_69_W13,FORM,,5ce304655060b2bb6e3cd8b7da41274e45b226f03d19cc00f75c409335e9628a,
Stories/Saisiyat/Saisiyat_SaiNr-frog7_kalaeh a taro_.xml,V121,remove_annotated_lexical_unit,W,SaiNr-frog7_kalaeh a taro__S_48_W18,FORM,,19288d637b67e9cf0aafaecea6aff48cafbf060dcba6dbdbed4b5e0edb3c9b2b,
Stories/Saisiyat/Saisiyat_SaiNr-pear1__oemaw a _obay.xml,V121,remove_annotated_lexical_unit,W,SaiNr-pear1__oemaw a _obay_S_7_W5,FORM,,b29e5e15eabdfa6e9a989325599ea62e1d56f6718f47a2c4e212ea48170d10a4,
Stories/Saisiyat/Saisiyat_SaiNr-pear1__oemaw a _obay.xml,V121,remove_annotated_lexical_unit,W,SaiNr-pear1__oemaw a _obay_S_7_W12,FORM,,c8a6c0d19de7407ed06547d9925c7b8e6cff319199efe3cd0e861ecd7227dae9,
Stories/Tsou/Tsou_None-1.xml,V121,remove_annotated_lexical_unit,W,None-1_S_204_W5,FORM,,789ff1838ea158c102a7940d6658264f425a5cb635ef4d73a0a39bbd079e7c1f,
Stories/Tsou/Tsou_TsouConv-typhoon.xml,V121,remove_annotated_lexical_unit,W,TsouConv-typhoon_S_62_W7,FORM,,ed2dc1572966ed1d0623ad6a83d722792e6d3c282d20fe1cca7d3e89aef01aa7,
Stories/Tsou/Tsou_TsouConv-typhoon.xml,V121,remove_annotated_lexical_unit,W,TsouConv-typhoon_S_77_W10,FORM,,6e9f97a596860579140c1010bdaee7f588ea23bdb14b111df1179b756da3e953,
