path,sha256,size_bytes,kind,language,sections,pdf_pages
Apologies/Amis/Amis 阿美 (ami) Presidential Apology.pdf,d791e24db2f17a6cf96d69362d50521616d5c5d9d9b8faa46ff49827e57890f8,11271887,official_bilingual_pdf,Amis,,28
Apologies/Amis/Amis.txt,44272fc4aa904d4a57cb89df117c019eaf78349ffd3837db910f080711a49fe1,11838,native_transcript,Amis,33,
Apologies/Atayal/Atayal (Tayal on Chinese Wiki) 泰雅 (tay) Presidential Apology.pdf,e243e883a953bb195102b18a46c2d1254b30514398eeac1ba3ae00c3001d914e,11099619,official_bilingual_pdf,Atayal,,28
Apologies/Atayal/Atayal.txt,b5edd9cc321163787679208b1c3ff71a60b6e547db4ea6f478d263568a45ffc7,15663,native_transcript,Atayal,33,
Apologies/Bunun/Bunun 布农 (bnn) Presidential Apology .pdf,4e292a78e8c3200d0b587ff3536a29abd67b4adc819f94b989fb36ef286f132e,11269129,official_bilingual_pdf,Bunun,,28
Apologies/Bunun/Bunun.txt,bad6caac32aeb69bcce8fe1877e2551f883eb59f958248c8d7130ae8aba94e57,10802,native_transcript,Bunun,33,
Apologies/Chinese.txt,38e73f27db2bff9b8947bbf2557112de0ec91a6a8243efe4683aa610d01b2f8a,10084,shared_chinese_transcript,shared,33,
Apologies/English.txt,7845935e83b8e8d7a3a267974d2ed131d1d8986f11e27d48ed14c1558f05e53d,12170,shared_english_transcript,shared,33,
Apologies/Kanakanavu/Kanakanavu 卡那卡那富 (xnb) Presidential Apology.pdf,e1dc0f635c6b5f67a2416fa8f8ad7704d7bcd4b2146aa5e47abdbec6bf7f5c2f,11229989,official_bilingual_pdf,Kanakanavu,,28
Apologies/Kanakanavu/Kanakanavu.txt,35e3e8b2279f60e1621985add086ad7e60751f50aafd19e7651f41083d4bc6f4,11766,native_transcript,Kanakanavu,29,
Apologies/Kanakanavu/Kanakanavu_en.txt,6aeff25c131da50f9e6a92ee21fdff239eaec2faad8af5c215eb328b6b2f0e01,12170,language_english_transcript,Kanakanavu,29,
Apologies/Kanakanavu/Kanakanavu_zh.txt,85858ed9ecdb2b85854981b9751d524d74b92820a1f25af62ae051c2caecaaae,10080,language_chinese_transcript,Kanakanavu,29,
Apologies/Kavalan/Kavalan (Kbalan on Chinese Wiki) 噶玛兰 (ckv) .pdf,d2f78c2b96ac5d2053410e46ebf0c8e07138b217f9a3b7497c158e0e0c71db53,11006822,official_bilingual_pdf,Kavalan,,28
Apologies/Kavalan/Kavalan.txt,fa4a34bcd2f81a3de4cf211e9d5e0bc19183c7185f11964549c903ed847a8029,13532,native_transcript,Kavalan,33,
Apologies/Paiwan/Paiwan 排湾 (pwn) .pdf,b9d0ad0c1f9948b4666c678ca04ec9ff65e59933f70b8427989dce5d9b13a1cd,11007344,official_bilingual_pdf,Paiwan,,28
Apologies/Paiwan/Paiwan.txt,b40f275f0ed2bc3c46ff90b21fbf2b0492669981979cbc7db86b454871960e90,15116,native_transcript,Paiwan,33,
Apologies/Puyuma/Puyuma 卑南 (pyu) .pdf,3e1f593dfd1f089fbf7ef1528391b70d9ed7b6a9b269b49fec25014f34c51abd,11125684,official_bilingual_pdf,Puyuma,,28
Apologies/Puyuma/Puyuma.txt,b72f571765d22ecaf9a4db0098aad6c45026892155791b932e781a5b5c5e7fd9,14383,native_transcript,Puyuma,33,
Apologies/Rukai/Rukai (Drekai on Chinese Wiki) 鲁凯 (dru) .pdf,ee4b84640c7206f8308e2ce6eaa99d3e677dfe7ac978c75d6315ee497fdaac49,10993379,official_bilingual_pdf,Rukai,,28
Apologies/Rukai/Rukai.txt,fec54d2d167696c59124e42004880e830dfeed3b0eb7f74069d5af172dfdc771,15529,native_transcript,Rukai,33,
Apologies/Saaroa/Saaroa (Hla’alua on Chinese Wiki) 拉阿鲁哇 (xsr) .pdf,1427f0bcdd054e95d5fb74a45b6c2ecc103b57d563c21e0ea6d9f2a06051d9ec,11060933,official_bilingual_pdf,Saaroa,,28
Apologies/Saaroa/Saaroa.txt,c8e18e7c0e1006ce07fd6f7ad64c9c3f0b4a0fd6cab7d9e01a2b461a6e5bfac6,13537,native_transcript,Saaroa,33,
Apologies/Saisiyat/Saisiyat 赛夏 (xsy).pdf,4693490896a7d174efff73ca760d4eeb43d606b2096375109e2ff0501c091c0e,11007662,official_bilingual_pdf,Saisiyat,,28
Apologies/Saisiyat/Saisiyat.txt,5e56de88cd765672e09225e1b74c353d0009607238f0a6289303fbb2a7e9848c,14000,native_transcript,Saisiyat,33,
Apologies/Sakizaya/Sakizaya 撒奇莱雅 (szy) .pdf,07fb1179bad3d464640c9e4ccb084e63fe20f7d338516692043d5b363b8cc390,11227368,official_bilingual_pdf,Sakizaya,,28
Apologies/Sakizaya/Sakizaya.txt,0b185debe70fe662d704c5b20d7f81f23360b66125062154ebd9e8a48a488c2c,10844,native_transcript,Sakizaya,33,
Apologies/Seediq/Seediq 赛德克 (trv).pdf,5e339870d16febab2406025193ee4551766e340d3d9ec1d128bbe8f7b6426247,10981124,official_bilingual_pdf,Seediq,,28
Apologies/Seediq/Seediq.txt,232e10b2805a73ff3f061d6a3111797b19aeccdf342e9d95cfca05a1360a6c0d,9663,native_transcript,Seediq,33,
Apologies/Thao/Thao (Thau on Chinese Wiki)邵 (ssf).pdf,c0c505d7baba943025eab145e2ab05868d7684accea8be068162da9ffd9414d3,11089588,official_bilingual_pdf,Thao,,28
Apologies/Thao/Thao.txt,8a0b7572938a1146abc75de6b7157de67d342175526d484440b782645c6216e7,13051,native_transcript,Thao,33,
Apologies/Truku/Truku 太鲁阁 (trv) .pdf,d423c971732be7123c705e421b9d6d15cf81a5556a60badb114af2ecbad00429,11263256,official_bilingual_pdf,Truku,,28
Apologies/Truku/Truku.txt,b704244da9dd237ff6079ca610ba02404df2e5b6cd8ea4b156cb80ff6bbd8d0c,11109,native_transcript,Truku,33,
Apologies/Tsou/Tsou (Cou on Chinese Wiki)  邹 (tsu).pdf,79db605e321df3579a721a12c3c6d1b8cd1157b1ef3f8e54c79df835901ebc54,11045790,official_bilingual_pdf,Tsou,,28
Apologies/Tsou/Tsou.txt,c9eac157a795d5bafa5517373df113fa58801f228c0fdae01fc4503012bf370c,14652,native_transcript,Tsou,33,
Apologies/Yami/Yami-Tao 雅美 (not on the Chinese Wiki page)  (tao).pdf,ce8dfe65517adf600e766a3e1d9e81bb4f919383f769cc12292ec6b47b4c34ab,10992185,official_bilingual_pdf,Yami,,28
Apologies/Yami/Yami.txt,c01d345d32ca7a8e83fa2daeea837705162503240bb4e5e3673e5b3094051ffc,10013,native_transcript,Yami,33,
