source_s_id	output_s_ids	status	reason
S668_1	S668_1	included	source_record_preserved
S667_1	S667_1	included	source_record_preserved
S666_1	S666_1	included	source_record_preserved
S664665_1	S664665_1	included	source_record_preserved
S664665_2	S664665_2	included	source_record_preserved
S660661662663_1	S660661662663_1	included	source_record_preserved
S660661662663_2	S660661662663_2	included	source_record_preserved
S660661662663_3	S660661662663_3	included	source_record_preserved
S660661662663_4	S660661662663_4	included	source_record_preserved
S659_1	S659_1	included	source_record_preserved
S657658_1	S657658_1	included	source_record_preserved
S657658_2	S657658_2	included	source_record_preserved
S656_1	S656_1	included	source_record_preserved
S655_1	S655_1	included	source_record_preserved
S652653654_1	S652653654_1	included	source_record_preserved
S652653654_2	S652653654_2	included	source_record_preserved
S652653654_3	S652653654_3	included	source_record_preserved
S650651_1	S650651_1	included	source_record_preserved
S650651_2	S650651_2	included	source_record_preserved
S649_1	S649_1	included	source_record_preserved
S648_1	S648_1	included	source_record_preserved
S646647_1	S646647_1	included	source_record_preserved
S646647_2	S646647_2	included	source_record_preserved
S644645_1	S644645_1	included	source_record_preserved
S644645_2	S644645_2	included	source_record_preserved
S643_1	S643_1	included	source_record_preserved
S641642_1	S641642_1	included	source_record_preserved
S641642_2	S641642_2	included	source_record_preserved
S640_1	S640_1	included	source_record_preserved
S639_1	S639_1	included	source_record_preserved
S638_1	S638_1	included	source_record_preserved
S636637_1	S636637_1	included	source_record_preserved
S636637_2	S636637_2	included	source_record_preserved
S634635_1	S634635_1	included	source_record_preserved
S634635_2	S634635_2	included	source_record_preserved
S632633_1	S632633_1	included	source_record_preserved
S632633_2	S632633_2	included	source_record_preserved
S631_1	S631_1	included	source_record_preserved
S629630_1	S629630_1	included	source_record_preserved
S629630_2	S629630_2	included	source_record_preserved
S628_1	S628_1	included	source_record_preserved
S627_1	S627_1	included	source_record_preserved
S626_1	S626_1	included	source_record_preserved
S624625_1	S624625_1	included	source_record_preserved
S624625_2	S624625_2	included	source_record_preserved
S623_1	S623_1	included	source_record_preserved
S622_1	S622_1	included	source_record_preserved
S621_1	S621_1	included	source_record_preserved
S620_1	S620_1	included	source_record_preserved
S618619_1	S618619_1	included	source_record_preserved
S618619_2	S618619_2	included	source_record_preserved
S617_1	S617_1	included	source_record_preserved
S615616_1	S615616_1	included	source_record_preserved
S615616_2	S615616_2	included	source_record_preserved
S614_1	S614_1	included	source_record_preserved
S613_1	S613_1	included	source_record_preserved
S612_1	S612_1	included	source_record_preserved
S611_1	S611_1	included	source_record_preserved
S610_1	S610_1	included	source_record_preserved
S609_1	S609_1	included	source_record_preserved
S608_1	S608_1	included	source_record_preserved
S607_1	S607_1	included	source_record_preserved
S606_1	S606_1	included	source_record_preserved
S604605_1	S604605_1	included	source_record_preserved
S604605_2	S604605_2	included	source_record_preserved
S603_1	S603_1	included	source_record_preserved
S602_1	S602_1	included	source_record_preserved
S601_1	S601_1	included	source_record_preserved
S600_1	S600_1	included	source_record_preserved
S598599_1	S598599_1	included	source_record_preserved
S598599_2	S598599_2	included	source_record_preserved
S597_1	S597_1	included	source_record_preserved
S596_1	S596_1	included	source_record_preserved
S595_1	S595_1	included	source_record_preserved
S594_1	S594_1	included	source_record_preserved
S593_1	S593_1	included	source_record_preserved
S592_1	S592_1	included	source_record_preserved
S591_1	S591_1	included	source_record_preserved
S590_1	S590_1	included	source_record_preserved
S589_1	S589_1	included	source_record_preserved
S588_1	S588_1	included	source_record_preserved
S587_1	S587_1	included	source_record_preserved
S586_1	S586_1	included	source_record_preserved
S585_1	S585_1	included	source_record_preserved
S584_1	S584_1	included	source_record_preserved
S583_1	S583_1	included	source_record_preserved
S582_1	S582_1	included	source_record_preserved
S581_1	S581_1	included	source_record_preserved
S580_1	S580_1	included	source_record_preserved
S579_1	S579_1	included	source_record_preserved
S578_1	S578_1	included	source_record_preserved
S577_1	S577_1	included	source_record_preserved
S576_1	S576_1	included	source_record_preserved
S575_1	S575_1	included	source_record_preserved
S574_1	S574_1	included	source_record_preserved
S573_1	S573_1	included	source_record_preserved
S572_1	S572_1	included	source_record_preserved
S571_1	S571_1	included	source_record_preserved
S570_1	S570_1	included	source_record_preserved
S569_1	S569_1	included	source_record_preserved
S568_1	S568_1	included	source_record_preserved
S567_1	S567_1	included	source_record_preserved
S566_1	S566_1	included	source_record_preserved
S565_1	S565_1	included	source_record_preserved
S564_1	S564_1	included	source_record_preserved
S563_1	S563_1	included	source_record_preserved
S562_1	S562_1	included	source_record_preserved
S561_1	S561_1	included	source_record_preserved
S560_1	S560_1	included	source_record_preserved
S559_1	S559_1	included	source_record_preserved
S558_1	S558_1	included	source_record_preserved
S557_1	S557_1	included	source_record_preserved
S556_1	S556_1	included	source_record_preserved
S555_1	S555_1	included	source_record_preserved
S554_1	S554_1	included	source_record_preserved
S551552553_1	S551552553_1	included	source_record_preserved
S550_1	S550_1	included	source_record_preserved
S549_1	S549_1	included	source_record_preserved
S548_1	S548_1	included	source_record_preserved
S547_1	S547_1	included	source_record_preserved
S546_1	S546_1	included	source_record_preserved
S545_1	S545_1	included	source_record_preserved
S545_2	S545_2	included	source_record_preserved
S545_3	S545_3	included	source_record_preserved
S545_4	S545_4	included	source_record_preserved
S545_5	S545_5	included	source_record_preserved
S545_6	S545_6	included	source_record_preserved
S545_7	S545_7	included	source_record_preserved
S545_8	S545_8	included	source_record_preserved
S544_1	S544_1	included	source_record_preserved
S542_1	S542_1	included	source_record_preserved
S541_1	S541_1	included	source_record_preserved
S540_1	S540_1	included	source_record_preserved
S539_1	S539_1	included	source_record_preserved
S538_1	S538_1	included	source_record_preserved
S537_1	S537_1	included	source_record_preserved
S536_1	S536_1	included	source_record_preserved
S535_1	S535_1;S535_1b	expanded_source_alternatives	split_tjangtjang_siyak
S534_1	S534_1	included	source_record_preserved
S533_1	S533_1	included	source_record_preserved
S532_1	S532_1	included	source_record_preserved
S531_1	S531_1	included	source_record_preserved
S530_1	S530_1	included	source_record_preserved
S529_1	S529_1	included	source_record_preserved
S528_1	S528_1	included	source_record_preserved
S527_1	S527_1	included	source_record_preserved
S526_1	S526_1	included	source_record_preserved
S525_1	S525_1	included	source_record_preserved
S524_1	S524_1	included	source_record_preserved
S523_1	S523_1	included	source_record_preserved
S522_1	S522_1	included	source_record_preserved
S521_1	S521_1	included	source_record_preserved
S520_1	S520_1	included	source_record_preserved
S518_1	S518_1	included	source_record_preserved
S517_1	S517_1	included	source_record_preserved
S516_1	S516_1	included	source_record_preserved
S515_1	S515_1	included	source_record_preserved
S514_1	S514_1	included	source_record_preserved
S513_1	S513_1	included	source_record_preserved
S512_1	S512_1	included	source_record_preserved
S511_1	S511_1	included	source_record_preserved
S510_1	S510_1	included	source_record_preserved
S509_1	S509_1	included	source_record_preserved
S508_1	S508_1	included	source_record_preserved
S507_1	S507_1	included	source_record_preserved
S506_1	S506_1	included	source_record_preserved
S505_1	S505_1	included	source_record_preserved
S504_1	S504_1	included	source_record_preserved
S503_1	S503_1	included	source_record_preserved
S502_1	S502_1	included	source_record_preserved
S501_1	S501_1	included	source_record_preserved
S500_1	S500_1	included	source_record_preserved
S499_1	S499_1	included	source_record_preserved
S498_1	S498_1	included	source_record_preserved
S497_1	S497_1	included	source_record_preserved
S496_1	S496_1	included	source_record_preserved
S495_1	S495_1	included	source_record_preserved
S494_1	S494_1	included	source_record_preserved
S493_1	S493_1	included	source_record_preserved
S492_1	S492_1	included	source_record_preserved
S491_1	S491_1	included	source_record_preserved
S490_1	S490_1	included	source_record_preserved
S489_1	S489_1	included	source_record_preserved
S488_1	S488_1	included	source_record_preserved
S487_1	S487_1	included	source_record_preserved
S486_1	S486_1	included	source_record_preserved
S485_1	S485_1	included	source_record_preserved
S484_1	S484_1	included	source_record_preserved
S483_1	S483_1;S483_1b	expanded_source_alternatives	split_abar_yasi
S482_1	S482_1	included	source_record_preserved
S481_1	S481_1	included	source_record_preserved
S479_1	S479_1	included	source_record_preserved
S478_1	S478_1	included	source_record_preserved
S477_1	S477_1	included	source_record_preserved
S476_1	S476_1	included	source_record_preserved
S475_1	S475_1	included	source_record_preserved
S474_1	S474_1	included	source_record_preserved
S473_1	S473_1	included	source_record_preserved
S472_1	S472_1	included	source_record_preserved
S471_1	S471_1	included	source_record_preserved
S470_1	S470_1	included	source_record_preserved
S469_1	S469_1	included	source_record_preserved
S468_1	S468_1	included	source_record_preserved
S467_1	S467_1	included	source_record_preserved
S466_1	S466_1	included	source_record_preserved
S465_1	S465_1	included	source_record_preserved
S464_1	S464_1	included	source_record_preserved
S463_1	S463_1	included	source_record_preserved
S462_1	S462_1	included	source_record_preserved
S461_1	S461_1	included	source_record_preserved
S460_1	S460_1	included	source_record_preserved
S459_1	S459_1	included	source_record_preserved
S458_1	S458_1	included	source_record_preserved
S457_1	S457_1	included	source_record_preserved
S456_1	S456_1	included	source_record_preserved
S455_1	S455_1	included	source_record_preserved
S454_1	S454_1	included	source_record_preserved
S453_1	S453_1	included	source_record_preserved
S452_1	S452_1	included	source_record_preserved
S451_1	S451_1	included	source_record_preserved
S450_1	S450_1	included	source_record_preserved
S449_1	S449_1	included	source_record_preserved
S448_1	S448_1	included	source_record_preserved
S447_1	S447_1	included	source_record_preserved
S446_1	S446_1	included	source_record_preserved
S445_1	S445_1	included	source_record_preserved
S444_1	S444_1	included	source_record_preserved
S443_1	S443_1	included	source_record_preserved
S442_1	S442_1	included	source_record_preserved
S441_1	S441_1	included	source_record_preserved
S440_1	S440_1	included	source_record_preserved
S439_1	S439_1	included	source_record_preserved
S438_1	S438_1	included	source_record_preserved
S437_1	S437_1	included	source_record_preserved
S436_1	S436_1	included	source_record_preserved
S435_1	S435_1	included	source_record_preserved
S434_1	S434_1	included	source_record_preserved
S433_1	S433_1	included	source_record_preserved
S432_1	S432_1	included	source_record_preserved
S431_1	S431_1	included	source_record_preserved
S430_1	S430_1	included	source_record_preserved
S429_1	S429_1	included	source_record_preserved
S428_1	S428_1	included	source_record_preserved
S427_1	S427_1	included	source_record_preserved
S426_1	S426_1	included	source_record_preserved
S425_1	S425_1	included	source_record_preserved
S424_1	S424_1	included	source_record_preserved
S423_1	S423_1	included	source_record_preserved
S422_1	S422_1	included	source_record_preserved
S421_1	S421_1	included	source_record_preserved
S420_1	S420_1	included	source_record_preserved
S419_1	S419_1	included	source_record_preserved
S418_1	S418_1	included	source_record_preserved
S417_1	S417_1	included	source_record_preserved
S416_1	S416_1	included	source_record_preserved
S415_1	S415_1	included	source_record_preserved
S414_1	S414_1	included	source_record_preserved
S413_1	S413_1	included	source_record_preserved
S412_1	S412_1	included	source_record_preserved
S411_1	S411_1	included	source_record_preserved
S410_1	S410_1	included	source_record_preserved
S409_1	S409_1	included	source_record_preserved
S408_1	S408_1	included	source_record_preserved
S407_1	S407_1	included	source_record_preserved
S406_1	S406_1	included	source_record_preserved
S405_1	S405_1	included	source_record_preserved
S404_1	S404_1	included	source_record_preserved
S403_1	S403_1	included	source_record_preserved
S402_1	S402_1	included	source_record_preserved
S401_1	S401_1	included	source_record_preserved
S400_1	S400_1	included	source_record_preserved
S399_1	S399_1	included	source_record_preserved
S398_1	S398_1	included	source_record_preserved
S397_1	S397_1	included	source_record_preserved
S396_1	S396_1	included	source_record_preserved
S395_1	S395_1	included	source_record_preserved
S394_1	S394_1	included	source_record_preserved
S393_1	S393_1	included	source_record_preserved
S392_1	S392_1	included	source_record_preserved
S391_1	S391_1	included	source_record_preserved
S390_1	S390_1	included	source_record_preserved
S389_1	S389_1	included	source_record_preserved
S388_1	S388_1	included	source_record_preserved
S387_1	S387_1	included	source_record_preserved
S386_1	S386_1	included	source_record_preserved
S385_1	S385_1	included	source_record_preserved
S384_1	S384_1	included	source_record_preserved
S383_1	S383_1	included	source_record_preserved
S382_1	S382_1	included	source_record_preserved
S381_1	S381_1	included	source_record_preserved
S380_1	S380_1	included	source_record_preserved
S379_1	S379_1	included	source_record_preserved
S378_1	S378_1	included	source_record_preserved
S377_1	S377_1	included	source_record_preserved
S376_1	S376_1	included	source_record_preserved
S375_1	S375_1	included	source_record_preserved
S374_1	S374_1	included	source_record_preserved
S373_1	S373_1	included	source_record_preserved
S372_1	S372_1	included	source_record_preserved
S371_1	S371_1	included	source_record_preserved
S370_1	S370_1	included	source_record_preserved
S369_1	S369_1	included	source_record_preserved
S368_1	S368_1	included	source_record_preserved
S367_1	S367_1	included	source_record_preserved
S366_1	S366_1	included	source_record_preserved
S365_1	S365_1	included	source_record_preserved
S364_1	S364_1	included	source_record_preserved
S363_1	S363_1	included	source_record_preserved
S362_1	S362_1	included	source_record_preserved
S361_1	S361_1	included	source_record_preserved
S360_1	S360_1	included	source_record_preserved
S359_1	S359_1	included	source_record_preserved
S358_1	S358_1	included	source_record_preserved
S357_1	S357_1	included	source_record_preserved
S356_1	S356_1	included	source_record_preserved
S355_1	S355_1	included	source_record_preserved
S354_1	S354_1	included	source_record_preserved
S353_1	S353_1	included	source_record_preserved
S352_1	S352_1	included	source_record_preserved
S351_1	S351_1	included	source_record_preserved
S350_1	S350_1	included	source_record_preserved
S349_1	S349_1	included	source_record_preserved
S348_1	S348_1	included	source_record_preserved
S347_1	S347_1	included	source_record_preserved
S346_1	S346_1	included	source_record_preserved
S345_1	S345_1	included	source_record_preserved
S344_1	S344_1	included	source_record_preserved
S343_1	S343_1	included	source_record_preserved
S342_1	S342_1	included	source_record_preserved
S341_1	S341_1	included	source_record_preserved
S340_1	S340_1	included	source_record_preserved
S339_1	S339_1	included	source_record_preserved
S338_1	S338_1	included	source_record_preserved
S337_1	S337_1	included	source_record_preserved
S336_1	S336_1	included	source_record_preserved
S335_1	S335_1	included	source_record_preserved
S334_1	S334_1	included	source_record_preserved
S333_1	S333_1	included	source_record_preserved
S332_1	S332_1	included	source_record_preserved
S331_1	S331_1	included	source_record_preserved
S330_1	S330_1	included	source_record_preserved
S329_1	S329_1	included	source_record_preserved
S328_1	S328_1	included	source_record_preserved
S327_1	S327_1	included	source_record_preserved
S326_1	S326_1	included	source_record_preserved
S325_1	S325_1	included	source_record_preserved
S324_1	S324_1	included	source_record_preserved
S323_1	S323_1	included	source_record_preserved
S322_1	S322_1	included	source_record_preserved
S320_1	S320_1	included	source_record_preserved
S321_1	S321_1	included	source_record_preserved
S319_1	S319_1	included	source_record_preserved
S318_1	S318_1	included	source_record_preserved
S317_1	S317_1	included	source_record_preserved
S316_1	S316_1	included	source_record_preserved
S315_1	S315_1	included	source_record_preserved
S314_1	S314_1	included	source_record_preserved
S313_1	S313_1	included	source_record_preserved
S312_1	S312_1	included	source_record_preserved
S311_1	S311_1	included	source_record_preserved
S310_1	S310_1	included	source_record_preserved
S309_1	S309_1	included	source_record_preserved
S308_1	S308_1	included	source_record_preserved
S307_1	S307_1	included	source_record_preserved
S306_1	S306_1	included	source_record_preserved
S305_1	S305_1	included	source_record_preserved
S304_1	S304_1	included	source_record_preserved
S303_1	S303_1	included	source_record_preserved
S302_1	S302_1	included	source_record_preserved
S301_1	S301_1	included	source_record_preserved
S300_1	S300_1	included	source_record_preserved
S299_1	S299_1	included	source_record_preserved
S298_1	S298_1	included	source_record_preserved
S297_1	S297_1	included	source_record_preserved
S296_1	S296_1	included	source_record_preserved
S295_1	S295_1	included	source_record_preserved
S294_1	S294_1	included	source_record_preserved
S293_1	S293_1	included	source_record_preserved
S292_1	S292_1	included	source_record_preserved
S291_1	S291_1	included	source_record_preserved
S290_1	S290_1	included	source_record_preserved
S289_1	S289_1	included	source_record_preserved
S288_1	S288_1	included	source_record_preserved
S287_1	S287_1	included	source_record_preserved
S286_1	S286_1	included	source_record_preserved
S285_1	S285_1	included	source_record_preserved
S284_1	S284_1	included	source_record_preserved
S283_1	S283_1	included	source_record_preserved
S282_1	S282_1	included	source_record_preserved
S281_1	S281_1	included	source_record_preserved
S280_1	S280_1	included	source_record_preserved
S279_1	S279_1	included	source_record_preserved
S278_1	S278_1	included	source_record_preserved
S277_1	S277_1	included	source_record_preserved
S276_1	S276_1	included	source_record_preserved
S275_1	S275_1	included	source_record_preserved
S274_1	S274_1	included	source_record_preserved
S273_1	S273_1	included	source_record_preserved
S272_1	S272_1	included	source_record_preserved
S271_1	S271_1	included	source_record_preserved
S270_1	S270_1	included	source_record_preserved
S269_1	S269_1	included	source_record_preserved
S268_1	S268_1	included	source_record_preserved
S267_1	S267_1	included	source_record_preserved
S266_1	S266_1	included	source_record_preserved
S265_1	S265_1	included	source_record_preserved
S264_1	S264_1	included	source_record_preserved
S263_1	S263_1	included	source_record_preserved
S262_1	S262_1	included	source_record_preserved
S261_1	S261_1	included	source_record_preserved
S260_1	S260_1	included	source_record_preserved
S259_1	S259_1	included	source_record_preserved
S258_1	S258_1	included	source_record_preserved
S257_1	S257_1	included	source_record_preserved
S256_1	S256_1	included	source_record_preserved
S255_1	S255_1	included	source_record_preserved
S254_1	S254_1	included	source_record_preserved
S253_1	S253_1	included	source_record_preserved
S252_1	S252_1	included	source_record_preserved
S251_1	S251_1	included	source_record_preserved
S250_1	S250_1	included	source_record_preserved
S249_1	S249_1	included	source_record_preserved
S248_1	S248_1	included	source_record_preserved
S247_1	S247_1	included	source_record_preserved
S246_1	S246_1	included	source_record_preserved
S245_1	S245_1	included	source_record_preserved
S244_1	S244_1	included	source_record_preserved
S243_1	S243_1	included	source_record_preserved
S242_1	S242_1	included	source_record_preserved
S241_1	S241_1	included	source_record_preserved
S240_1	S240_1	included	source_record_preserved
S239_1	S239_1	included	source_record_preserved
S238_1	S238_1	included	source_record_preserved
S237_1	S237_1	included	source_record_preserved
S236_1	S236_1	included	source_record_preserved
S235_1	S235_1	included	source_record_preserved
S234_1	S234_1	included	source_record_preserved
S233_1	S233_1	included	source_record_preserved
S232_1	S232_1	included	source_record_preserved
S231_1	S231_1	included	source_record_preserved
S230_1	S230_1	included	source_record_preserved
S229_1	S229_1	included	source_record_preserved
S228_1	S228_1	included	source_record_preserved
S227_1	S227_1	included	source_record_preserved
S226_1	S226_1	included	source_record_preserved
S225_1	S225_1	included	source_record_preserved
S224_1	S224_1	included	source_record_preserved
S223_1	S223_1	included	source_record_preserved
S222_1	S222_1	included	source_record_preserved
S221_1	S221_1	included	source_record_preserved
S220_1	S220_1	included	source_record_preserved
S219_1	S219_1	included	source_record_preserved
S218_1	S218_1	included	source_record_preserved
S217_1	S217_1	included	source_record_preserved
S216_1	S216_1	included	source_record_preserved
S215_1	S215_1	included	source_record_preserved
S214_1	S214_1	included	source_record_preserved
S213_1	S213_1	included	source_record_preserved
S212_1	S212_1	included	source_record_preserved
S211_1	S211_1	included	source_record_preserved
S210_1	S210_1	included	source_record_preserved
S209_1	S209_1	included	source_record_preserved
S208_1	S208_1	included	source_record_preserved
S207_1	S207_1	included	source_record_preserved
S206_1	S206_1	included	source_record_preserved
S205_1	S205_1	included	source_record_preserved
S204_1	S204_1	included	source_record_preserved
S203_1	S203_1	included	source_record_preserved
S202_1	S202_1	included	source_record_preserved
S201_1	S201_1	included	source_record_preserved
S200_1	S200_1	included	source_record_preserved
S199_1	S199_1	included	source_record_preserved
S198_1	S198_1	included	source_record_preserved
S196_1	S196_1	included	source_record_preserved
S195_1	S195_1	included	source_record_preserved
S194_1	S194_1	included	source_record_preserved
S193_1	S193_1	included	source_record_preserved
S192_1	S192_1	included	source_record_preserved
S191_1	S191_1	included	source_record_preserved
S190_1	S190_1	included	source_record_preserved
S189_1	S189_1	included	source_record_preserved
S188_1	S188_1	included	source_record_preserved
S187_1	S187_1	included	source_record_preserved
S186_1	S186_1	included	source_record_preserved
S185_1	S185_1	included	source_record_preserved
S184_1	S184_1	included	source_record_preserved
Sunknown_1	Sunknown_1	included	source_record_preserved
S182_1	S182_1	included	source_record_preserved
S181_1	S181_1	included	source_record_preserved
S180_1	S180_1	included	source_record_preserved
S179_1	S179_1	included	source_record_preserved
S178_1	S178_1	included	source_record_preserved
S177_1	S177_1	included	source_record_preserved
S176_1	S176_1	included	source_record_preserved
S175_1	S175_1	included	source_record_preserved
S174_1	S174_1	included	source_record_preserved
S173_1	S173_1	included	source_record_preserved
S172_1	S172_1	included	source_record_preserved
S171_1	S171_1	included	source_record_preserved
S170_1	S170_1	included	source_record_preserved
S169_1	S169_1	included	source_record_preserved
S168_1	S168_1	included	source_record_preserved
S167_1	S167_1	included	source_record_preserved
S166_1	S166_1	included	source_record_preserved
S165_1	S165_1	included	source_record_preserved
S164_1	S164_1	included	source_record_preserved
S163_1	S163_1	included	source_record_preserved
S162_1	S162_1	included	source_record_preserved
S161_1	S161_1	included	source_record_preserved
S160_1	S160_1	included	source_record_preserved
S159_1	S159_1	included	source_record_preserved
S158_1	S158_1	included	source_record_preserved
S157_1	S157_1	included	source_record_preserved
S156_1	S156_1	included	source_record_preserved
S155_1	S155_1	included	source_record_preserved
S154_1	S154_1	included	source_record_preserved
S153_1	S153_1	included	source_record_preserved
S152_1	S152_1	included	source_record_preserved
S151_1	S151_1	included	source_record_preserved
S150_1	S150_1	included	source_record_preserved
S149_1	S149_1	included	source_record_preserved
S148_1	S148_1	included	source_record_preserved
S147_1	S147_1	included	source_record_preserved
S146_1	S146_1	included	source_record_preserved
S145_1	S145_1	included	source_record_preserved
S144_1	S144_1	included	source_record_preserved
S143_1	S143_1	included	source_record_preserved
S142_1	S142_1	included	source_record_preserved
S141_1	S141_1	included	source_record_preserved
S140_1	S140_1	included	source_record_preserved
S139_1	S139_1	included	source_record_preserved
S138_1	S138_1	included	source_record_preserved
S137_1	S137_1	included	source_record_preserved
S136_1	S136_1	included	source_record_preserved
S135_1	S135_1	included	source_record_preserved
S134_1	S134_1	included	source_record_preserved
S133_1	S133_1	included	source_record_preserved
S132_1	S132_1	included	source_record_preserved
S131_1	S131_1	included	source_record_preserved
S130_1	S130_1	included	source_record_preserved
S129_1	S129_1	included	source_record_preserved
S128_1	S128_1	included	source_record_preserved
S127_1	S127_1	included	source_record_preserved
S126_1	S126_1	included	source_record_preserved
S125_1	S125_1	included	source_record_preserved
S124_1	S124_1	included	source_record_preserved
S123_1	S123_1	included	source_record_preserved
S122_1	S122_1	included	source_record_preserved
S121_1	S121_1	included	source_record_preserved
S120_1	S120_1	included	source_record_preserved
S119_1	S119_1	included	source_record_preserved
S118_1	S118_1	included	source_record_preserved
S117_1	S117_1	included	source_record_preserved
S116_1	S116_1	included	source_record_preserved
S115_1	S115_1	included	source_record_preserved
S114_1	S114_1	included	source_record_preserved
S113_1	S113_1	included	source_record_preserved
S112_1	S112_1	included	source_record_preserved
S111_1	S111_1	included	source_record_preserved
S110_1	S110_1	included	source_record_preserved
S109_1	S109_1	included	source_record_preserved
S108_1	S108_1	included	source_record_preserved
S107_1	S107_1	included	source_record_preserved
S106_1	S106_1	included	source_record_preserved
S105_1	S105_1	included	source_record_preserved
S104_1	S104_1	included	source_record_preserved
S103_1	S103_1	included	source_record_preserved
S102_1	S102_1	included	source_record_preserved
S101_1	S101_1	included	source_record_preserved
S100_1	S100_1	included	source_record_preserved
S99_1	S99_1	included	source_record_preserved
S98_1	S98_1	included	source_record_preserved
S97_1	S97_1	included	source_record_preserved
S96_1	S96_1	included	source_record_preserved
S95_1	S95_1	included	source_record_preserved
S94_1	S94_1	included	source_record_preserved
S93_1	S93_1	included	source_record_preserved
S92_1	S92_1	included	source_record_preserved
S91_1	S91_1	included	source_record_preserved
S90_1	S90_1	included	source_record_preserved
S89_1	S89_1	included	source_record_preserved
S88_1	S88_1	included	source_record_preserved
S87_1	S87_1	included	source_record_preserved
S86_1	S86_1	included	source_record_preserved
S85_1	S85_1	included	source_record_preserved
S84_1	S84_1	included	source_record_preserved
S83_1	S83_1	included	source_record_preserved
S82_1	S82_1	included	source_record_preserved
S81_1	S81_1	included	source_record_preserved
S80_1	S80_1	included	source_record_preserved
S79_1	S79_1	included	source_record_preserved
S78_1	S78_1	included	source_record_preserved
S77_1	S77_1	included	source_record_preserved
S76_1	S76_1	included	source_record_preserved
S75_1	S75_1	included	source_record_preserved
S74_1	S74_1	included	source_record_preserved
S73_1	S73_1	included	source_record_preserved
S72_1	S72_1	included	source_record_preserved
S71_1	S71_1	included	source_record_preserved
S70_1	S70_1	included	source_record_preserved
S69_1	S69_1	included	source_record_preserved
S68_1	S68_1	included	source_record_preserved
S67_1	S67_1	included	source_record_preserved
S65_1	S65_1	included	source_record_preserved
S64_1	S64_1	included	source_record_preserved
S63_1	S63_1	included	source_record_preserved
S62_1	S62_1	included	source_record_preserved
S61_1	S61_1	included	source_record_preserved
S60_1	S60_1	included	source_record_preserved
S59_1	S59_1	included	source_record_preserved
S58_1	S58_1	included	source_record_preserved
S57_1	S57_1	included	source_record_preserved
S56_1	S56_1	included	source_record_preserved
S55_1	S55_1	included	source_record_preserved
S54_1	S54_1	included	source_record_preserved
S53_1	S53_1	included	source_record_preserved
S52_1	S52_1	included	source_record_preserved
S51_1	S51_1	included	source_record_preserved
S50_1	S50_1	included	source_record_preserved
S49_1	S49_1	included	source_record_preserved
S48_1	S48_1	included	source_record_preserved
S47_1	S47_1	included	source_record_preserved
S46_1	S46_1	included	source_record_preserved
S45_1	S45_1	included	source_record_preserved
S44_1	S44_1	included	source_record_preserved
S43_1	S43_1	included	source_record_preserved
S42_1	S42_1	included	source_record_preserved
S41_1	S41_1	included	source_record_preserved
S40_1	S40_1	included	source_record_preserved
S39_1	S39_1	included	source_record_preserved
S38_1	S38_1	included	source_record_preserved
S37_1	S37_1	included	source_record_preserved
S36_1	S36_1	included	source_record_preserved
S35_1	S35_1	included	source_record_preserved
S34_1	S34_1	included	source_record_preserved
S33_1	S33_1	included	source_record_preserved
S32_1	S32_1	included	source_record_preserved
S31_1	S31_1	included	source_record_preserved
S30_1	S30_1	included	source_record_preserved
S29_1	S29_1	included	source_record_preserved
S28_1	S28_1	included	source_record_preserved
S27_1	S27_1	included	source_record_preserved
S26_1	S26_1	included	source_record_preserved
S25_1	S25_1	included	source_record_preserved
S24_1	S24_1;S24_1b	expanded_source_alternatives	split_qali_drava
S23_1	S23_1	included	source_record_preserved
S22_1	S22_1	included	source_record_preserved
S21_1	S21_1	included	source_record_preserved
S20_1	S20_1	included	source_record_preserved
S19_1	S19_1	included	source_record_preserved
S18_1	S18_1	included	source_record_preserved
S17_1	S17_1	included	source_record_preserved
S16_1	S16_1	included	source_record_preserved
S15_1	S15_1	included	source_record_preserved
S14_1	S14_1	included	source_record_preserved
S13_1	S13_1	included	source_record_preserved
S12_1	S12_1	included	source_record_preserved
S11_1	S11_1	included	source_record_preserved
S10_1	S10_1	included	source_record_preserved
S9_1	S9_1	included	source_record_preserved
S8_1	S8_1	included	source_record_preserved
S7_1	S7_1	included	source_record_preserved
S6_1	S6_1	included	source_record_preserved
S5_1	S5_1	included	source_record_preserved
S4_1	S4_1	included	source_record_preserved
S3_1	S3_1	included	source_record_preserved
S2_1	S2_1	included	source_record_preserved
S1_1	S1_1	included	source_record_preserved
