sentence_id	word_id	surface	source_morph	inferred_infixes	edit_distance	method
001S19	001S19W4	ɫemauɫau	em=ɫauɫaw	em@1	1	source_surface_alignment
001S21	001S21W4	qinaɫivan	in=qaɫiw-an	in@1	1	source_surface_alignment
001S31	001S31W9	qinaɫivan.	in=qaɫiw-an	in@1	1	source_surface_alignment
001S32	001S32W9	qinaɫivan.	in=qaɫiw-an	in@1	1	source_surface_alignment
002S62	002S62W2	qemtsi,”	em=qetsi	em@1	1	source_surface_alignment
002S73	002S73W6	vinritsan.	in=verits-an	in@1	1	source_surface_alignment
003S3	003S3W2	nasemvaɫ	na-em=sevaɫ	em@1	1	source_surface_alignment
004S23	004S23W2	semqu	em=sequ	em@1	1	source_surface_alignment
004S25	004S25W2	lemangda	em=langeda	em@1	1	source_surface_alignment
004S25	004S25W20	linangdan.	in=langeda-an	in@1	2	source_surface_alignment
004S26	004S26W16	qemtjutj	em=qetjutj	em@1	1	source_surface_alignment
004S28	004S28W12	qemtjutj	em=qetjutj	em@1	1	source_surface_alignment
005S2	005S2W14	semqas	em=seqas	em@1	1	source_surface_alignment
005S4	005S4W4	qinaɫan	in=qaɫa-an	in@1	1	source_surface_alignment
005S12	005S12W8	qintsi	in=qetsi	in@1	1	source_surface_alignment
005S15	005S15W2	kemɫang	em=keɫang	em@1	1	source_surface_alignment
005S15	005S15W8	qintsi	in=qetsi	in@1	1	source_surface_alignment
005S17	005S17W11	qinaɫan	in=qaɫa-an	in@1	1	source_surface_alignment
005S32	005S32W2	lemangda	em=langeda	em@1	1	source_surface_alignment
007S8	007S8W2	qemtsi	em=qetsi	em@1	1	source_surface_alignment
008S1	008S1W9	qinaɫivan.	in=qaɫiw-an	in@1	1	source_surface_alignment
009S9	009S9W7	qinpu	in=qepu	in@1	1	source_surface_alignment
009S11	009S11W5	qinpu	in=qepu	in@1	1	source_surface_alignment
009S19	009S19W4	tsinpisan	in=tsepis-an	in@2	1	source_surface_alignment
010S22	010S22W5	venaɫavaɫan	in=vaɫa-vaɫan	in@1	1	source_surface_alignment
011S1	011S1W7	napenaulaulain.	na-en=pa-ula-ula-en	en@1	1	source_surface_alignment
011S3	011S3W2	“kemudanga	em=kuda-anga	em@1	1	source_surface_alignment
011S64	011S64W5	qemtsi,	em=qetsi	em@1	1	source_surface_alignment
011S64	011S64W12	naqemtsi?”	na-em=qetsi	em@1	1	source_surface_alignment
011S69	011S69W4	qemtsi	em=qetsi	em@1	1	source_surface_alignment
011S73	011S73W4	kemɫang	em=keɫang	em@1	1	source_surface_alignment
011S75	011S75W2	“kemɫang	em=keɫang	em@1	1	source_surface_alignment
011S75	011S75W7	naqemtsi”	na-em=qetsi	em@1	1	source_surface_alignment
011S75-omit	011S75-omitW2	“kemɫang	em=keɫang	em@1	1	source_surface_alignment
011S75-omit	011S75-omitW6	naqemtsi”	na-em=qetsi	em@1	1	source_surface_alignment
011S75-omit	011S75-omitW9	tjemumaɫ.	em=tjumaɫ	em@2	0	source_surface_alignment
011S84	011S84W2	kemɫang	em=keɫang	em@1	1	source_surface_alignment
012S7	012S7W2	lemangda	em=langeda	em@1	1	source_surface_alignment
013S3	013S3W5	semavaqavaqar	em=vaqa=savaqar	em@1	0	source_surface_alignment
013S16	013S16W5	qinaɫivan	in=qaɫiw-an	in@1	1	source_surface_alignment
013S21	013S21W9	qinaɫivan,	in=qaɫiw-an	in@1	1	source_surface_alignment
013S24	013S24W5	qemvet	em=qevet	em@1	1	source_surface_alignment
013S34	013S34W12	qinaɫivan.	in=qaɫiw-an	in@1	1	source_surface_alignment
013S37	013S37W7	kinaizuanan	in=ka-i-zua-anan	in@1	1	source_surface_alignment
016S2	016S2W7	nasemvaɫ	na-em=sevaɫ	em@1	1	source_surface_alignment
016S4	016S4W4	sinvaɫ	in=sevaɫ	in@1	1	source_surface_alignment
016S5	016S5W4	nasemvaɫ	na-em=sevaɫ	em@1	1	source_surface_alignment
016S10	016S10W1	“kemudanga	em=kuda-anga	em@1	1	source_surface_alignment
016S10	016S10W19	sinvaɫ	in=sevaɫ	in@1	1	source_surface_alignment
016S17	016S17W6	sinvaɫ;	in=sevaɫ	in@1	1	source_surface_alignment
016S31	016S31W7	kinaulavan	in=ka-ulaw-an	in@1	1	source_surface_alignment
016S36	016S36W5	sinvaɫ;	in=sevaɫ	in@1	1	source_surface_alignment
016S39	016S39W3	sinan	in=sane	in@1	1	source_surface_alignment
017S23	017S23W14	tsemakaw.”	em=tsakaw	em@2	0	source_surface_alignment
020S2	020S2W4	vintsikan	in=vetsik-an	in@1	1	source_surface_alignment
024S7	024S7W2	seman	em=sane	em@1	1	source_surface_alignment
024S8	024S8W11	sinan	in=sane	in@1	1	source_surface_alignment
025S13	025S13W1	kemsa	em=kesa	em@1	1	source_surface_alignment
025S14	025S14W7	kinsa.	in=kesa	in@1	1	source_surface_alignment
025S15	025S15W5	kinsa,	in=kesa	in@1	1	source_surface_alignment
025S16	025S16W7	kinsa.	in=kesa	in@1	1	source_surface_alignment
025S18	025S18W5	kinsa;	in=kesa	in@1	1	source_surface_alignment
026S4	026S4W6	qinaɫan;	in=qaɫa-an	in@1	1	source_surface_alignment
033S17	033S17W5	naseman	na-em=sane	em@1	1	source_surface_alignment
033S18	033S18W2	seman	em=sane	em@1	1	source_surface_alignment
035S15	035S15W4	kitjuqinaɫan,	ki-tju-in=qaɫa-an	in@1	1	source_surface_alignment
036S3	036S3W19	qinaɫan;	in=qaɫa-an	in@1	1	source_surface_alignment
037S10	037S10W9	penulingelingetj	in=pu-linge-lingetj	in@1	1	source_surface_alignment
037S12	037S12W4	djaravaravats?”	ar=ar=va=djavats	ar@2 | ar@4	0	source_surface_alignment
037S13	037S13W5	djaravaravats.”	ar=ar=va=djavats	ar@2 | ar@4	0	source_surface_alignment
038S1	038S1W3	qinaɫan	in=qaɫa-an	in@1	1	source_surface_alignment
038S9	038S9W8	ventseluq	in=vetseluq	in@2	1	source_surface_alignment
038S12	038S12W5	seman	em=sane	em@1	1	source_surface_alignment
038S13	038S13W4	seman	em=sane	em@1	1	source_surface_alignment
038S13	038S13W6	seman	em=sane	em@1	1	source_surface_alignment
038S13	038S13W17	sinan	in=sane	in@1	1	source_surface_alignment
039S14	039S14W11	kinsa,	in=kesa	in@1	1	source_surface_alignment
040S3	040S3W10	qinaɫan	in=qaɫa-an	in@1	1	source_surface_alignment
040S12	040S12W1	seman	em=sane	em@1	1	source_surface_alignment
040S38	040S38W2	nakemavanga	na-em=kava-anga	em@1	1	source_surface_alignment
040S41	040S41W4	kinagalemgeman	in=ka-al=gemgem-an	in@1 | al@1	0	source_surface_alignment
040S42-omit	040S42-omitW1	tsemikel	em=tsikel	em@2	0	source_surface_alignment
040S42-omit	040S42-omitW5	sema	em=sa	em@1	0	source_surface_alignment
040S42-omit	040S42-omitW12	semuap	em=suap	em@1	0	source_surface_alignment
040S62	040S62W8	qinaɫan,”	in=qaɫa-an	in@1	1	source_surface_alignment
040S63	040S63W9	qinaɫan,	in=qaɫa-an	in@1	1	source_surface_alignment
042S40	042S40W3	kinsa	in=kesa	in@1	1	source_surface_alignment
042S41	042S41W9	kinsa.	in=kesa	in@1	1	source_surface_alignment
043S13	043S13W7	navenunglay.”	na-en=vungelay	en@1	1	source_surface_alignment
044S2	044S2W7	qinaɫan	in=qaɫa-an	in@1	1	source_surface_alignment
049S4	049S4W1	“kemasinu	em=kasi-inu	em@1	1	source_surface_alignment
049S8	049S8W10	seman	em=sane	em@1	1	source_surface_alignment
051S14	051S14W11	qintsi	in=qetsi	in@1	1	source_surface_alignment
051S17	051S17W4	qintsi;	in=qetsi	in@1	1	source_surface_alignment
051S18	051S18W4	qintsi,	in=qetsi	in@1	1	source_surface_alignment
053S21	053S21W6	palidaw	al=pa-id-aw	al@1	1	source_surface_alignment
054S6	054S6W2	seman	em=sane	em@1	1	source_surface_alignment
054S9	054S9W5	seman	em=sane	em@1	1	source_surface_alignment
054S9	054S9W7	seman	em=sane	em@1	1	source_surface_alignment
054S15	054S15W4	qinaɫan	in=qaɫa-an	in@1	1	source_surface_alignment
054S21	054S21W7	seman	em=sane	em@1	1	source_surface_alignment
054S24	054S24W11	qintsi.	in=qetsi	in@1	1	source_surface_alignment
054S25	054S25W4	qemauqauqaw	em=qaw-qawqaw	em@1	2	source_surface_alignment
054S25	054S25W8	qintsian.	in=qetsi-an	in@1	1	source_surface_alignment
054S26	054S26W4	qintsi	in=qetsi	in@1	1	source_surface_alignment
058S19	058S19W8	seman	em=sane	em@1	1	source_surface_alignment
058S19	058S19W12	seman	em=sane	em@1	1	source_surface_alignment
058S113	058S113W1	kemasinu	em=kasi-inu	em@1	1	source_surface_alignment
059S13	059S13W1	kemsanan	m=kesa-anan	m@2	1	source_surface_alignment
059S16	059S16W6	kinsa	in=kesa	in@1	1	source_surface_alignment
062S4	062S4W8	seman	em=sane	em@1	1	source_surface_alignment
062S5	062S5W10	qinaɫan	in=qaɫa-an	in@1	1	source_surface_alignment
063S1	063S1W9	qinaɫan.	in=qaɫa-an	in@1	1	source_surface_alignment
065S8	065S8W7	qinaɫan,	in=qaɫa-an	in@1	1	source_surface_alignment
066S4	066S4W1	kemsa	em=kesa	em@1	1	source_surface_alignment
066S9	066S9W10	kemsa	em=kesa	em@1	1	source_surface_alignment
066S11	066S11W10	kemsa	em=kesa	em@1	1	source_surface_alignment
068S9	068S9W1	kemsanga	m=kesa-anga	m@2	1	source_surface_alignment
068S9-omit	068S9-omitW1	kemsanga	m=kesa-anga	m@2	1	source_surface_alignment
070S14	070S14W12	qinaɫan	in=qaɫa-an	in@1	1	source_surface_alignment
071S31	071S31W7	kemudakudanga.”	em=kuda-kuda-anga	em@1	1	source_surface_alignment
071S33	071S33W5	“kemudakudanga,	em=kuda-kuda-anga	em@1	1	source_surface_alignment
071S39	071S39W2	zemker	em=zuker	em@1	1	source_surface_alignment
072S6	072S6W4	kinsa,	in=kesa	in@1	1	source_surface_alignment
072S29	072S29W9	seman	em=sane	em@1	1	source_surface_alignment
073S21	073S21W5	kinazuan.	in=ka-zua-an	in@1	1	source_surface_alignment
073S31	073S31W1	“qiniɫanga	in=qiɫa-anga	in@1	1	source_surface_alignment
073S38	073S38W6	kinsa,”	in=kesa	in@1	1	source_surface_alignment
073S39	073S39W7	kinsa.	in=kesa	in@1	1	source_surface_alignment
074S9	074S9W7	pinakazuan	in=paka-zua-an	in@1	1	source_surface_alignment
074S44	074S44W5	kemudamudanga?	em=kuda-kuda-anga	em@1	2	source_surface_alignment
074S59	074S59W8	ventseluq.	in=vetseluq	in@2	1	source_surface_alignment
075S42	075S42W2	naqemareangaɫ	na-em=ar=qe-angaɫ	em@1 | ar@1	0	source_surface_alignment
077S1	077S1W5	tsemdatsedas	em=tseda-tsedas	em@2	1	source_surface_alignment
077S2	077S2W2	tsemdatsedas	em=tseda-tsedas	em@2	1	source_surface_alignment
077S6	077S6W12	kinakesan	in=ka-kesa-an	in@1	1	source_surface_alignment
077S14	077S14W7	qemuzimuzip,	em=em=uzi=quzip	em@1 | em@4	1	source_surface_alignment
077S19	077S19W5	tsinqadjan,	in=tseqadj-an	in@2	1	source_surface_alignment
077S22	077S22W2	seman	em=sane	em@1	1	source_surface_alignment
078S1	078S1W2	seman	em=sane	em@1	1	source_surface_alignment
078S4	078S4W19	taletalemi	al=te-talem-i	al@1	0	source_surface_alignment
078S6	078S6W2	seman	em=sane	em@1	1	source_surface_alignment
078S12	078S12W3	kinaqaɫaqaɫan.	in=ka-qaɫa-qaɫa-an	in@1	1	source_surface_alignment
078S24	078S24W8	temalem.	em=talem	em@1	0	source_surface_alignment
079S5	079S5W12	ventsik.	m=vetsik	m@2	1	source_surface_alignment
079S12	079S12W1	nasemalimsim	na-em=al=simsim	em@1 | al@1	0	source_surface_alignment
079S17	079S17W5	kemudanga.	em=kuda-anga	em@1	1	source_surface_alignment
079S30	079S30W3	sinaTakavan	in=sa-Takaw-an	in@1	1	source_surface_alignment
079S35	079S35W5	kinasinzian	in=ka-sinzia-an	in@1	1	source_surface_alignment
079S36	079S36W1	lemangdanga	em=langeda-anga	em@1	2	source_surface_alignment
079S70	079S70W8	qinaqivuivuan	in=qa-ivu=qivu-an	in@1	0	source_surface_alignment
079S71	079S71W12	tsemekemekeɫ.	em=meke=tsekeɫ	em@2	0	source_surface_alignment
079S73	079S73W3	kemudanga,”	em=kuda-anga	em@1	1	source_surface_alignment
079S76	079S76W7	kinasinzian	in=ka-sinzia-an	in@1	1	source_surface_alignment
079S78	079S78W9	kinasinzian,	in=ka-sinzia-an	in@1	1	source_surface_alignment
079S89	079S89W7	naventsik,	na-m=vetsik	m@2	1	source_surface_alignment
079S98	079S98W5	natemvela	na-em=tevela	em@1	1	source_surface_alignment
079S104	079S104W9	qinaɫan.	in=qaɫa-an	in@1	1	source_surface_alignment
079S109	079S109W7	kinmusaɫ	in=ki-musa-ɫ	in@1	1	source_surface_alignment
079S109	079S109W10	kintjeluɫ,	in=ki-tjelu-ɫ	in@1	1	source_surface_alignment
079S111	079S111W3	qinaɫan	in=qaɫa-an	in@1	1	source_surface_alignment
080S1	080S1W5	seman	em=sane	em@1	1	source_surface_alignment
080S4	080S4W1	seman	em=sane	em@1	1	source_surface_alignment
080S10	080S10W8	temvela.	em=tevela	em@1	1	source_surface_alignment
080S19	080S19W2	qemtsiqetsi,”	em=qetsi-qetsi	em@1	1	source_surface_alignment
080S21	080S21W9	semalimsim,”	em=al=simsim	em@1 | al@1	0	source_surface_alignment
081S13	081S13W5	temvela,	em=tevela	em@1	1	source_surface_alignment
081S14	081S14W3	qinaɫivan	in=qaɫiw-an	in@1	1	source_surface_alignment
081S17	081S17W2	lemangda	em=langeda	em@1	1	source_surface_alignment
082S5	082S5W5	kemɫakeɫang	em=keɫa-keɫang	em@1	1	source_surface_alignment
082S7	082S7W6	kemɫakeɫang	em=keɫa-keɫang	em@1	1	source_surface_alignment
083S3	083S3W12	sinipasan	in=si-pa-sane	in@1	1	source_surface_alignment
085S25	085S25W7	gemdeged	em=gedged	em@1	2	source_surface_alignment
085S26	085S26W3	seman	em=sane	em@1	1	source_surface_alignment
086S5	086S5W15	seman	em=sane	em@1	1	source_surface_alignment
086S9	086S9W9	ɫemliaw	em=ɫe-liaw	em@1	1	source_surface_alignment
087S1	087S1W4	penalisi	in=palisi	in@1	1	source_surface_alignment
087S39	087S39W5	qemuzimuzip	em=em=uzi=quzip	em@1 | em@4	1	source_surface_alignment
087S43	087S43W3	kemzekez	m=kezkez	m@2	1	source_surface_alignment
088S10	088S10W4	seman	em=sane	em@1	1	source_surface_alignment
088S14	088S14W10	sikinmusaɫ.	si-in=ki-musa-ɫ	in@1	1	source_surface_alignment
088S17	088S17W18	qinaɫan,	in=qaɫa-an	in@1	1	source_surface_alignment
090S1	090S1W20	tsemalivalivat	em=liva=tsalivat	em@2	0	source_surface_alignment
090S4	090S4W6	benereq	in=bereq	in@1	1	source_surface_alignment
090S4	090S4W13	penulingelingetj	in=pu-linge-lingetj	in@1	1	source_surface_alignment
090S9	090S9W3	qemuzimuzip,	em=em=uzi=quzip	em@1 | em@4	1	source_surface_alignment
091S6	091S6W11	venutsiatsiar	en=tsia=vutsiar	en@1	0	source_surface_alignment
091S9	091S9W8	qemuzimuzip	em=em=uzi=quzip	em@1 | em@4	1	source_surface_alignment
091S22	091S22W10	kinaizuanan,	in=ka-i-zua-anan	in@1	1	source_surface_alignment
091S22	091S22W35	kinaizuanan,	in=ka-i-zua-anan	in@1	1	source_surface_alignment
091S24	091S24W15	sintsevungan(?)	in=se-tsevung-an	in@1	1	source_surface_alignment
091S27	091S27W12	kinaizuanan,	in=ka-i-zua-anan	in@1	1	source_surface_alignment
092S7	092S7W10	seman	em=sane	em@1	1	source_surface_alignment
092S11	092S11W2	kinɫang	in=keɫang	in@1	1	source_surface_alignment
092S11	092S11W5	napenapadjulu,	na-in=pa-pa-djulu	in@1	1	source_surface_alignment
092S13	092S13W24	nasemalimsim,	na-m=al=simsim	m@1 | al@1	1	source_surface_alignment
092S13	092S13W29	napenapeqauqaung	na-in=pa-pe-qau-qaung	in@1	1	source_surface_alignment
092S17	092S17W18	pinarumaya,	in=pa-ru-ma-aya	in@1	1	source_surface_alignment
092S24	092S24W28	napenapadjulu,	na-in=pa-pa-djulu	in@1	1	source_surface_alignment
092S24	092S24W51	sinalimsiman.	in=al=simsim-an	in@1 | al@1	0	source_surface_alignment
092S25	092S25W13	kinamiaminan	in=ka-ami-amin-an	in@1	1	source_surface_alignment
092S31	092S31W9	pinakakudakudanga	in=pa-ka-kuda-kuda-anga	in@1	1	source_surface_alignment
092S33	092S33W10	seman	em=sane	em@1	1	source_surface_alignment
092S41	092S41W2	nasemalimsim	na-em=al=simsim	em@1 | al@1	0	source_surface_alignment
092S45	092S45W21	napenapadjulu,	na-in=pa-pa-djulu	in@1	1	source_surface_alignment
092S45	092S45W32	pinalangedan	in=pa-langeda-an	in@1	1	source_surface_alignment
092S54	092S54W7	tinveteveɫ	in=tive-teveɫ	in@1	1	source_surface_alignment
092S54	092S54W9	zinkatj	in=zekatj	in@1	1	source_surface_alignment
093S9	093S9W16	tjemautsiketsikel	em=tsike=tjautsikel	em@2	0	source_surface_alignment
093S12	093S12W18	napenakalevanga	na-en=pa-ka-leva-anga	en@1	1	source_surface_alignment
094S2	094S2W8	kinaitaitan	in=ka-ita-ita-an	in@1	1	source_surface_alignment
094S6	094S6W13	tjemautsiketsikel	em=tsike=tjautsikel	em@2	0	source_surface_alignment
094S12	094S12W3	kinaimazan	in=ka-i-maza-an	in@1	1	source_surface_alignment
095S7	095S7W10	pinaka	in=pa-maka	in@1	2	source_surface_alignment
096S15	096S15W5	kinavavavan	in=ka-va-va-vaw-an	in@1	2	source_surface_alignment
096S20	096S20W14	temvela.	em=tevela	em@1	1	source_surface_alignment
096S25	096S25W15	nasemalimsim,	na-em=al=simsim	em@1 | al@1	0	source_surface_alignment
096S38	096S38W5	pitjakemɫamɫang	pi-tja-m=m=ɫa=keɫang	m@2 | m@4	0	source_surface_alignment
096S40	096S40W5	nasemanviliɫ.	na-em=sane-viliɫ	em@1	1	source_surface_alignment
096S43	096S43W6	sinan	in=sane	in@1	1	source_surface_alignment
096S48	096S48W6	pinaka	in=pa-maka	in@1	2	source_surface_alignment
097S12	097S12W14	navenala	na-in=vala	in@1	1	source_surface_alignment
097S12	097S12W15	?emuda	em=kuda	em@0	1	source_surface_alignment
097S13	097S13W25	?emuda	em=kuda	em@0	1	source_surface_alignment
097S17	097S17W13	?inaimazan	in=ka-i-maza-an	in@0	2	source_surface_alignment
100S11	100S11W26	qinadju	in=adjuq	in@0	2	source_surface_alignment
100S15	100S15W23	ventsik	m=vetsik	m@2	1	source_surface_alignment
100S16	100S16W14	kemudakudanga	em=kuda-kuda-anga	em@1	1	source_surface_alignment
