level	source_id	published_ids	rebuild_ids	action
M	001S19W4M0	001S19W4M0	001S19W4M0 | 001S19W4M0a	expand_packed_source_units_without_renumbering
M	001S21W4M0	001S21W4M0	001S21W4M0 | 001S21W4M0a	expand_packed_source_units_without_renumbering
M	001S31W9M0	001S31W9M0	001S31W9M0 | 001S31W9M0a	expand_packed_source_units_without_renumbering
M	001S32W9M0	001S32W9M0	001S32W9M0 | 001S32W9M0a	expand_packed_source_units_without_renumbering
M	002S3W8M0	002S3W8M0	002S3W8M0 | 002S3W8M0a	expand_packed_source_units_without_renumbering
M	004S25W20M0	004S25W20M0	004S25W20M0 | 004S25W20M0a	expand_packed_source_units_without_renumbering
M	008S1W5M1	008S1W5M1	008S1W5M1 | 008S1W5M1a	expand_packed_source_units_without_renumbering
M	008S1W9M0	008S1W9M0	008S1W9M0 | 008S1W9M0a	expand_packed_source_units_without_renumbering
M	010S22W5M0	010S22W5M0	010S22W5M0 | 010S22W5M0a	expand_packed_source_units_without_renumbering
M	011S1W7M1	011S1W7M1	011S1W7M1 | 011S1W7M1a	expand_packed_source_units_without_renumbering
S	011S75	011S75	011S75 | 011S75-omit	expand_optional_source_token_to_complete_sentences
M	013S16W5M0	013S16W5M0	013S16W5M0 | 013S16W5M0a	expand_packed_source_units_without_renumbering
M	013S21W9M0	013S21W9M0	013S21W9M0 | 013S21W9M0a	expand_packed_source_units_without_renumbering
M	013S34W12M0	013S34W12M0	013S34W12M0 | 013S34W12M0a	expand_packed_source_units_without_renumbering
M	013S37W7M0	013S37W7M0	013S37W7M0 | 013S37W7M0a	expand_packed_source_units_without_renumbering
M	013S3W5M0	013S3W5M0	013S3W5M0 | 013S3W5M0a | 013S3W5M0b	expand_packed_source_units_without_renumbering
M	016S31W7M0	016S31W7M0	016S31W7M0 | 016S31W7M0a	expand_packed_source_units_without_renumbering
M	016S52W6M1	016S52W6M1	016S52W6M1 | 016S52W6M1a	expand_packed_source_units_without_renumbering
W	DOCX_page_62		017S23W14	restore_truncated_source_final_word
W	DOCX_page_64		018S21W10	restore_truncated_source_final_word
W	DOCX_page_65		019S4W14	restore_truncated_source_final_word
W	DOCX_page_77		030S7W12	restore_truncated_source_final_word
W	DOCX_page_82		033S20W12	restore_truncated_source_final_word
M	037S10W9M0	037S10W9M0	037S10W9M0 | 037S10W9M0a	expand_packed_source_units_without_renumbering
M	037S12W4M0	037S12W4M0	037S12W4M0 | 037S12W4M0a | 037S12W4M0b | 037S12W4M0c	expand_packed_source_units_without_renumbering
M	037S13W5M0	037S13W5M0	037S13W5M0 | 037S13W5M0a | 037S13W5M0b | 037S13W5M0c	expand_packed_source_units_without_renumbering
W	DOCX_page_90		037S33W13	restore_truncated_source_final_word
M	038S9W8M0	038S9W8M0	038S9W8M0 | 038S9W8M0a	expand_packed_source_units_without_renumbering
M	040S41W4M0	040S41W4M0	040S41W4M0 | 040S41W4M0a	expand_packed_source_units_without_renumbering
M	040S41W4M1	040S41W4M1	040S41W4M1 | 040S41W4M1a	expand_packed_source_units_without_renumbering
S	040S42	040S42	040S42 | 040S42-omit	expand_optional_source_token_to_complete_sentences
W	DOCX_page_99		040S63W12	restore_truncated_source_final_word
S	041S10	041S10	041S10 | 041S10-omit	expand_optional_source_token_to_complete_sentences
W	DOCX_page_109		045S4W8	restore_truncated_source_final_word
M	049S9W13M1	049S9W13M1	049S9W13M1 | 049S9W13M1a	expand_packed_source_units_without_renumbering
S	050S55	050S55	050S55 | 050S55-omit	expand_optional_source_token_to_complete_sentences
M	051S5W10M0	051S5W10M0	051S5W10M0 | 051S5W10M0a	expand_packed_source_units_without_renumbering
M	054S25W4M0	054S25W4M0	054S25W4M0 | 054S25W4M0a	expand_packed_source_units_without_renumbering
M	058S41W3M1	058S41W3M1	058S41W3M1 | 058S41W3M1a	expand_packed_source_units_without_renumbering
S	068S9	068S9	068S9 | 068S9-omit	expand_optional_source_token_to_complete_sentences
M	071S31W7M0	071S31W7M0	071S31W7M0 | 071S31W7M0a	expand_packed_source_units_without_renumbering
M	071S33W5M0	071S33W5M0	071S33W5M0 | 071S33W5M0a	expand_packed_source_units_without_renumbering
M	072S22W4M1	072S22W4M1	072S22W4M1 | 072S22W4M1a	expand_packed_source_units_without_renumbering
M	073S21W5M0	073S21W5M0	073S21W5M0 | 073S21W5M0a	expand_packed_source_units_without_renumbering
M	074S44W5M0	074S44W5M0	074S44W5M0 | 074S44W5M0a	expand_packed_source_units_without_renumbering
M	074S59W8M0	074S59W8M0	074S59W8M0 | 074S59W8M0a	expand_packed_source_units_without_renumbering
M	074S9W7M0	074S9W7M0	074S9W7M0 | 074S9W7M0a	expand_packed_source_units_without_renumbering
M	075S42W2M1	075S42W2M1	075S42W2M1 | 075S42W2M1a | 075S42W2M1b	expand_packed_source_units_without_renumbering
M	077S10W2M1	077S10W2M1	077S10W2M1 | 077S10W2M1a	expand_packed_source_units_without_renumbering
M	077S14W7M0	077S14W7M0	077S14W7M0 | 077S14W7M0a | 077S14W7M0b | 077S14W7M0c	expand_packed_source_units_without_renumbering
M	077S6W12M0	077S6W12M0	077S6W12M0 | 077S6W12M0a	expand_packed_source_units_without_renumbering
M	078S12W3M0	078S12W3M0	078S12W3M0 | 078S12W3M0a	expand_packed_source_units_without_renumbering
W	DOCX_page_196		078S24W8	restore_truncated_source_final_word
M	078S4W19M0	078S4W19M0	078S4W19M0 | 078S4W19M0a | 078S4W19M0b | 078S4W19M0c	expand_packed_source_units_without_renumbering
M	079S12W1M1	079S12W1M1	079S12W1M1 | 079S12W1M1a | 079S12W1M1b	expand_packed_source_units_without_renumbering
M	079S30W3M0	079S30W3M0	079S30W3M0 | 079S30W3M0a	expand_packed_source_units_without_renumbering
M	079S35W5M0	079S35W5M0	079S35W5M0 | 079S35W5M0a	expand_packed_source_units_without_renumbering
M	079S36W1M0	079S36W1M0	079S36W1M0 | 079S36W1M0a	expand_packed_source_units_without_renumbering
M	079S5W12M0	079S5W12M0	079S5W12M0 | 079S5W12M0a	expand_packed_source_units_without_renumbering
M	079S70W8M0	079S70W8M0	079S70W8M0 | 079S70W8M0a	expand_packed_source_units_without_renumbering
M	079S70W8M1	079S70W8M1	079S70W8M1 | 079S70W8M1a	expand_packed_source_units_without_renumbering
M	079S71W12M0	079S71W12M0	079S71W12M0 | 079S71W12M0a | 079S71W12M0b	expand_packed_source_units_without_renumbering
M	079S76W7M0	079S76W7M0	079S76W7M0 | 079S76W7M0a	expand_packed_source_units_without_renumbering
M	079S78W9M0	079S78W9M0	079S78W9M0 | 079S78W9M0a	expand_packed_source_units_without_renumbering
M	079S89W7M1	079S89W7M1	079S89W7M1 | 079S89W7M1a	expand_packed_source_units_without_renumbering
M	080S21W9M0	080S21W9M0	080S21W9M0 | 080S21W9M0a | 080S21W9M0b	expand_packed_source_units_without_renumbering
M	081S14W3M0	081S14W3M0	081S14W3M0 | 081S14W3M0a	expand_packed_source_units_without_renumbering
M	083S3W12M0	083S3W12M0	083S3W12M0 | 083S3W12M0a	expand_packed_source_units_without_renumbering
M	085S25W7M0	085S25W7M0	085S25W7M0 | 085S25W7M0a	expand_packed_source_units_without_renumbering
M	087S1W4M0	087S1W4M0	087S1W4M0 | 087S1W4M0a	expand_packed_source_units_without_renumbering
M	087S39W5M0	087S39W5M0	087S39W5M0 | 087S39W5M0a | 087S39W5M0b | 087S39W5M0c	expand_packed_source_units_without_renumbering
M	087S43W3M0	087S43W3M0	087S43W3M0 | 087S43W3M0a	expand_packed_source_units_without_renumbering
M	090S1W20M0	090S1W20M0	090S1W20M0 | 090S1W20M0a | 090S1W20M0b	expand_packed_source_units_without_renumbering
M	090S4W13M0	090S4W13M0	090S4W13M0 | 090S4W13M0a	expand_packed_source_units_without_renumbering
M	090S4W6M0	090S4W6M0	090S4W6M0 | 090S4W6M0a	expand_packed_source_units_without_renumbering
M	090S9W3M0	090S9W3M0	090S9W3M0 | 090S9W3M0a | 090S9W3M0b | 090S9W3M0c	expand_packed_source_units_without_renumbering
S	story091_source001		091S0	add_omitted_source_sentence_without_renumbering
M	091S22W10M0	091S22W10M0	091S22W10M0 | 091S22W10M0a	expand_packed_source_units_without_renumbering
M	091S22W35M0	091S22W35M0	091S22W35M0 | 091S22W35M0a	expand_packed_source_units_without_renumbering
M	091S27W12M0	091S27W12M0	091S27W12M0 | 091S27W12M0a	expand_packed_source_units_without_renumbering
M	091S6W11M0	091S6W11M0	091S6W11M0 | 091S6W11M0a | 091S6W11M0b	expand_packed_source_units_without_renumbering
M	091S9W8M0	091S9W8M0	091S9W8M0 | 091S9W8M0a | 091S9W8M0b | 091S9W8M0c	expand_packed_source_units_without_renumbering
M	092S11W5M1	092S11W5M1	092S11W5M1 | 092S11W5M1a	expand_packed_source_units_without_renumbering
M	092S13W24M1	092S13W24M1	092S13W24M1 | 092S13W24M1a | 092S13W24M1b	expand_packed_source_units_without_renumbering
M	092S13W29M1	092S13W29M1	092S13W29M1 | 092S13W29M1a	expand_packed_source_units_without_renumbering
M	092S17W18M0	092S17W18M0	092S17W18M0 | 092S17W18M0a	expand_packed_source_units_without_renumbering
M	092S24W28M1	092S24W28M1	092S24W28M1 | 092S24W28M1a	expand_packed_source_units_without_renumbering
M	092S24W51M0	092S24W51M0	092S24W51M0 | 092S24W51M0a | 092S24W51M0b	expand_packed_source_units_without_renumbering
M	092S31W9M0	092S31W9M0	092S31W9M0 | 092S31W9M0a	expand_packed_source_units_without_renumbering
M	092S41W2M1	092S41W2M1	092S41W2M1 | 092S41W2M1a | 092S41W2M1b	expand_packed_source_units_without_renumbering
M	092S45W21M1	092S45W21M1	092S45W21M1 | 092S45W21M1a	expand_packed_source_units_without_renumbering
M	092S45W32M0	092S45W32M0	092S45W32M0 | 092S45W32M0a	expand_packed_source_units_without_renumbering
M	093S12W18M1	093S12W18M1	093S12W18M1 | 093S12W18M1a	expand_packed_source_units_without_renumbering
M	093S9W16M0	093S9W16M0	093S9W16M0 | 093S9W16M0a | 093S9W16M0b	expand_packed_source_units_without_renumbering
M	094S12W3M0	094S12W3M0	094S12W3M0 | 094S12W3M0a	expand_packed_source_units_without_renumbering
M	094S2W8M0	094S2W8M0	094S2W8M0 | 094S2W8M0a	expand_packed_source_units_without_renumbering
M	094S6W13M0	094S6W13M0	094S6W13M0 | 094S6W13M0a | 094S6W13M0b	expand_packed_source_units_without_renumbering
M	095S7W10M0	095S7W10M0	095S7W10M0 | 095S7W10M0a	expand_packed_source_units_without_renumbering
M	096S15W5M0	096S15W5M0	096S15W5M0 | 096S15W5M0a	expand_packed_source_units_without_renumbering
M	096S25W15M1	096S25W15M1	096S25W15M1 | 096S25W15M1a | 096S25W15M1b	expand_packed_source_units_without_renumbering
M	096S38W5M2	096S38W5M2	096S38W5M2 | 096S38W5M2a | 096S38W5M2b | 096S38W5M2c	expand_packed_source_units_without_renumbering
M	096S48W6M0	096S48W6M0	096S48W6M0 | 096S48W6M0a	expand_packed_source_units_without_renumbering
M	097S12W14M1	097S12W14M1	097S12W14M1 | 097S12W14M1a	expand_packed_source_units_without_renumbering
M	097S12W15M0	097S12W15M0	097S12W15M0 | 097S12W15M0a	expand_packed_source_units_without_renumbering
M	097S13W25M0	097S13W25M0	097S13W25M0 | 097S13W25M0a	expand_packed_source_units_without_renumbering
M	097S17W13M0	097S17W13M0	097S17W13M0 | 097S17W13M0a	expand_packed_source_units_without_renumbering
M	100S11W26M0	100S11W26M0	100S11W26M0 | 100S11W26M0a	expand_packed_source_units_without_renumbering
M	100S15W23M0	100S15W23M0	100S15W23M0 | 100S15W23M0a	expand_packed_source_units_without_renumbering
M	100S16W14M0	100S16W14M0	100S16W14M0 | 100S16W14M0a	expand_packed_source_units_without_renumbering
