status,example,subexample,page,form,word_form,raw_form,source_judgement,retained_xml_id,translation_zho,raw_ocr_gloss,source_gloss,aligned_gloss_tokens_zho,ocr_match_score,ocr_note,note
include,1,,33,mi-pa-baybay ci Taydung.,mi-pa-baybay ci Taydung.,mi-pa-baybay ci Taydung.,,,Taydung 在掛蚊帳。,主焦-PA-蚊帳 主格人名,主焦-PA-蚊帳 主格 人名,"[""主焦-PA-蚊帳"",""主格"",""人名""]",1.000,,
include,2,,33,maluk kaku tu lutuk nu kalitang.,maluk kaku tu lutuk nu kalitang.,maluk kaku tu lutuk nu kalitang.,,,我在除花生園的雜草。,除草 我.主格 斜格 草 蟨格 花生,除草 我.主格 斜格 草 屬格 花生,"[""除草"",""我.主格"",""斜格"",""草"",""屬格"",""花生""]",1.000,,
include,3,,33,takalaw ku pa-cudad-an nu maku.,takalaw ku pa-cudad-an nu maku.,takalaw ku pa-cudad-an nu maku.,,,我的書架很高。,高 主格 PA-書-處焦 屬格 m-我.靥格,高 主格 PA-書-處焦 屬格 m-我.屬格,"[""高"",""主格"",""PA-書-處焦"",""屬格"",""m-我.屬格""]",1.000,,
include,4,,33,u kadabu ni Buya kaku.,u kadabu ni Buya kaku.,u kadabu ni Buya kaku.,,,我是Buya 的媳婦。,普名標記 媳婦 屬格人名 我.主格,普名標記 媳婦 屬格 人名 我.主格,"[""普名標記"",""媳婦"",""屬格"",""人名"",""我.主格""]",1.000,,
include,5,,34,i umah ci baki.,i umah ci baki.,i umah ci baki.,,,叔叔在田裡。,處所格 田地 主格 長輩,處所格 田地 主格 長輩,"[""處所格"",""田地"",""主格"",""長輩""]",1.000,,
include,6,,34,mi-bidaul ci Panay i umah.,mi-bidaul ci Panay i umah.,mi-bidaul ci Panay i umah.,,,Panay 在田裡摘黃瓜。,主焦-黃瓜 主格人名 處所格 田裡,主焦-黃瓜 主格 人名 處所格 田裡,"[""主焦-黃瓜"",""主格"",""人名"",""處所格"",""田裡""]",1.000,,
include,7,,34,mi-balakas ku wacu tu nani'.,mi-balakas ku wacu tu nani'.,mi-balakas ku wacu tu nani'.,,,狗逗小貓。,主焦-說笑 主格 狗 斜格 貓,主焦-說笑 主格 狗 斜格 貓,"[""主焦-說笑"",""主格"",""狗"",""斜格"",""貓""]",1.000,,
include,8,,35,mi-cengel-an ku kalaw ni Taymu.,mi-cengel-an ku kalaw ni Taymu.,mi-cengel-an ku kalaw ni Taymu.,,,Taymu 的眉毛是染色的。,主焦-染-AN 主格 眉毛 靥格 人名,主焦-染-AN 主格 眉毛 屬格 人名,"[""主焦-染-AN"",""主格"",""眉毛"",""屬格"",""人名""]",1.000,,
include,9,,35,mi-kiskis tu banuh nu pabuy.,mi-kiskis tu banuh nu pabuy.,mi-kiskis tu banuh nu pabuy.,,,刮豬毛。,主焦-刮 斜格 毛 屬格 豬,主焦-刮 斜格 毛 屬格 豬,"[""主焦-刮"",""斜格"",""毛"",""屬格"",""豬""]",0.957,,
include,10,,35,mi-lawlaw ci Kacaw i ci Panay-an.,mi-lawlaw ci Kacaw i ci Panay-an.,mi-lawlaw ci Kacaw i ci Panay-an.,,,Kacaw 擾亂 Panay。,主焦-鬧 主格 人名 處所格 斜格 Panay-斜格,主焦-吵鬧 主格 人名 處所格 斜格 Panay-斜格,"[""主焦-吵鬧"",""主格"",""人名"",""處所格"",""斜格"",""Panay-斜格""]",0.981,PDF page-image verified interlinear column alignment.,
include,11,,35,mi-lubu ci bayi tu ciwciw.,mi-lubu ci bayi tu ciwciw.,mi-lubu ci bayi tu ciwciw.,,,阿姨正在關小雞。,主焦-關 主格 阿姨 斜格 小雞,主焦-關 主格 阿姨 斜格 小雞,"[""主焦-關"",""主格"",""阿姨"",""斜格"",""小雞""]",1.000,,
include,12,,36,mi-asip kaku tu cudad.,mi-asip kaku tu cudad.,mi-asip kaku tu cudad.,,,我在念書。,主焦-讀書 我.主格 刹格 書,主焦-讀書 我.主格 斜格 書,"[""主焦-讀書"",""我.主格"",""斜格"",""書""]",1.000,,
include,13,,36,ni-mi-cakay-an aku kuyni a udu'.,ni-mi-cakay-an aku kuyni a udu'.,ni-mi-cakay-an aku kuyni a udu'.,,,這是我買的項鍊。,NI-主焦-買-AN 我屬格 這 繫詞 項鍊,NI-主焦-買-AN 我.屬格 這 繫詞 項鍊,"[""NI-主焦-買-AN"",""我.屬格"",""這"",""繫詞"",""項鍊""]",1.000,,
include,14,,36,nguhit sa kiya wawa mi-azih takuwan.,nguhit sa kiya wawa mi-azih takuwan.,nguhit sa kiya wawa mi-azih takuwan.,,,那女孩微笑看著我。,微笑 SA 那 小孩 主焦-看我斜格,微笑 SA 那 小孩 主焦-看 我.斜格,"[""微笑"",""SA"",""那"",""小孩"",""主焦-看"",""我.斜格""]",1.000,PDF page-image verified interlinear column alignment.,
include,15,,37,ma-duka ku abala nu maku.,ma-duka ku abala nu maku.,ma-duka ku abala nu maku.,,,我的肩膀受傷了。,主焦-傷 主格 肩膀 屬格 M-我.屬格,主焦-傷 主格 肩膀 屬格 M-我.屬格,"[""主焦-傷"",""主格"",""肩膀"",""屬格"",""M-我.屬格""]",0.974,PDF page-image correction: 肩膀 restored from OCR 肩牓.,
include,16,,37,mi-amay kiya wawa tu piyang i takuwanan.,mi-amay kiya wawa tu piyang i takuwanan.,mi-amay kiya wawa tu piyang i takuwanan.,,,那小孩向我要糖果。,主焦-要求那小孩 ：斜格 糖果 處所格 我斜格-AN,主焦-要求 那 小孩 斜格 糖果 處所格 我.斜格-AN,"[""主焦-要求"",""那"",""小孩"",""斜格"",""糖果"",""處所格"",""我.斜格-AN""]",0.952,PDF page-image verified interlinear column alignment.,
include,17,a,38,mi-cebus tu lami' ci bayi.,mi-cebus tu lami' ci bayi.,mi-cebus tu            lami'           ci          bayi.,,,阿嬤在澆菜。,主焦-澆 斜格 菜 主格 阿嬤,主焦-澆 斜格 菜 主格 阿嬤,"[""主焦-澆"",""斜格"",""菜"",""主格"",""阿嬤""]",0.927,,
include,17,b,38,ma-talaw kaku tu alisalap.,ma-talaw kaku tu alisalap.,ma-talaw      kaku             tu           alisalap.,,,我很怕蜈蚣。,主焦-害怕 我，主格 斜格 蜈蚣,主焦-害怕 我.主格 斜格 蜈蚣,"[""主焦-害怕"",""我.主格"",""斜格"",""蜈蚣""]",0.978,,
include,17,c,38,mu-celem tu ku cilal.,mu-celem tu ku cilal.,mu-celem      tu               ku           cilal.,,,太陽西下。,主焦-沉入 已經 主格 太陽,主焦-沉入 已經 主格 太陽,"[""主焦-沉入"",""已經"",""主格"",""太陽""]",0.971,,
include,17,d,38,∅-imelang ci Taymu kiyu si-dinget.,∅-imelang ci Taymu kiyu si-dinget.,ø-imelang     ci               Taymu        kiyu           si-dinget.,,,Taymu 生病所以流鼻涕。,生病 主格 人名 所以 流-鼻涕,生病 主格 人名 所以 流-鼻涕,"[""生病"",""主格"",""人名"",""所以"",""流-鼻涕""]",0.966,,PDF pages 17-18 print ø- as the agent-focus prefix and in example 17d; canonicalized to ∅.
include,18,a,38,ma-ideng nu cilal ku mata.,ma-ideng nu cilal ku mata.,ma-ideng      nu               cilal        ku             mata.,,,陽光刺眼。,受焦-閃光 屬格 太陽 主格 眼睛,受焦-閃光 屬格 太陽 主格 眼睛,"[""受焦-閃光"",""屬格"",""太陽"",""主格"",""眼睛""]",0.977,Expert XML review removed a parenthetical explanatory expansion.,
include,18,b,38,muku-en ni Asing ku tabi.,muku-en ni Asing ku tabi.,muku-en ni             Asing           ku          tabi.,,,Asing 扛牛犁。,扛-受焦 屬格人名 主格 犁具,扛-受焦 屬格 人名 主格 犁具,"[""扛-受焦"",""屬格"",""人名"",""主格"",""犁具""]",0.976,,
include,18,c,38,balud-han ni Kacaw ku kasuy.,balud-han ni Kacaw ku kasuy.,balud-han     ni               Kacaw        ku             kasuy.,,,Kacaw 將木材綑綁起來。,綁-受焦 屬格 人名 主格 木材,綁-受焦 屬格 人名 主格 木材,"[""綁-受焦"",""屬格"",""人名"",""主格"",""木材""]",0.979,,
include,19,a,39,sa-pi-sulac nu babalaki tu siuy ku katus.,sa-pi-sulac nu babalaki tu siuy ku katus.,sa-pi-sulac           nu                babalaki tu                siuy             ku            katus.,,,木賊是長輩用來刷鍋子用的。,工焦-刷 屬格 長輩 斜格 鍋子 主格 木賊,工焦-刷 屬格 長輩 斜格 鍋子 主格 木賊,"[""工焦-刷"",""屬格"",""長輩"",""斜格"",""鍋子"",""主格"",""木賊""]",0.986,,
include,19,b,39,u canan ku sa-ka-tayza nu mita i ca-cudad-an?,u canan ku sa-ka-tayza nu mita i ca-cudad-an?,u                 canan ku                   sa-ka-tayza           nu               mita i                ca-cudad-an?,,,我們怎麼去學校？,處所格 CA 重疊-書-處焦,普名標記 什麼 主格 工焦-去哪裡 屬格 m-我們.包含式 處所格 CA 重疊-書-處焦,"[""普名標記"",""什麼"",""主格"",""工焦-去哪裡"",""屬格"",""m-我們.包含式"",""處所格"",""CA 重疊-書-處焦""]",0.949,PDF page-image verified interlinear column alignment.,
include,20,a,39,enep-an nu balad ku laku.,enep-an nu balad ku laku.,enep-an nu                     balad         ku               laku.,,,洪水淹沒水田。,淹-處焦 屬格 洪水 主格 水田,淹-處焦 屬格 洪水 主格 水田,"[""淹-處焦"",""屬格"",""洪水"",""主格"",""水田""]",0.976,,
include,20,b,39,pi-atal-an tu nanum ku caykeng.,pi-atal-an tu nanum ku caykeng.,pi-atal-an            tu                nanum       ku             caykeng.,,,水缸是舀水的地方。,PI-裝水-處焦 斜格 水 主格 水缸,PI-裝水-處焦 斜格 水 主格 水缸,"[""PI-裝水-處焦"",""斜格"",""水"",""主格"",""水缸""]",0.981,,
include,21,a,53,paluma kaku tu paza' i nu zikuz-an nu luma'.,paluma kaku tu paza' i nu zikuz-an nu luma'.,paluma kaku                  tu    paza'        i    nu        zikuz-an      nu    luma'.,,,我在我家後院種香蕉。,種 我.主格 斜格香蕉 處所格 屬格 後面-處焦 屬格 家,種 我.主格 斜格 香蕉 處所格 屬格 後面-處焦 屬格 家,"[""種"",""我.主格"",""斜格"",""香蕉"",""處所格"",""屬格"",""後面-處焦"",""屬格"",""家""]",0.986,,
include,21,b,53,a-paluma kaku tu apalu i umah.,a-paluma kaku tu apalu i umah.,a-paluma               kaku         tu        apalu     i         umah.,,,我將要去田裡種麵包樹。,即將-種我.主格 斜格 麵包樹 處所格 田,即將-種 我.主格 斜格 麵包樹 處所格 田,"[""即將-種"",""我.主格"",""斜格"",""麵包樹"",""處所格"",""田""]",0.980,,
include,22,a,54,na-lawlaw i sawni ma-sa-tezep tu ayza.,na-lawlaw i sawni ma-sa-tezep tu ayza.,na-lawlaw        i           sawni ma-sa-tezep                tu        ayza.,,,剛剛很吵現在安靜下來了。,過去-吵 處所格 剛才 MA-SA-安靜 完成貌 現在,過去-吵 處所格 剛才 MA-SA-安靜 完成貌 現在,"[""過去-吵"",""處所格"",""剛才"",""MA-SA-安靜"",""完成貌"",""現在""]",0.985,,
include,22,b,54,ka-tayni a-sawni i pi-sa-ka-kawaw-an aku.,ka-tayni a-sawni i pi-sa-ka-kawaw-an aku.,ka-tayni a-sawni                i          pi-sa-ka-kawaw-an            aku.,,,等一下來我工作的地方。,命令-來即將-剛扌 處所格 PI-SA-KA-工作-處焦 我.屬格,命令-來 即將-剛才 處所格 PI-SA-KA-工作-處焦 我.屬格,"[""命令-來"",""即將-剛才"",""處所格"",""PI-SA-KA-工作-處焦"",""我.屬格""]",0.986,PDF page-image verified interlinear column alignment.,
include,23,a,55,pa-la-lamel han kiya lami' amin.,pa-la-lamel han kiya lami' amin.,pa-la-lamel                   han     kiya      lami'         amin.,,,把全部的菜都混在一起。,使役-重疊-混 助詞 那個 菜 全部的,使役-重疊-混 助詞 那個 菜 全部的,"[""使役-重疊-混"",""助詞"",""那個"",""菜"",""全部的""]",0.982,Expert XML review corrected 茶 to 菜 from the source.,
include,23,b,55,ha-min han pa-la-lamel kiya lami'.,ha-min han pa-la-lamel kiya lami'.,ha-min                  han          pa-la-lamel              kiya        lami'. 26,,,把菜全部都混在一起。,HA-全部的 助詞 使役-重疊-混 那個 菜,HA-全部的 助詞 使役-重疊-混 那個 菜,"[""HA-全部的"",""助詞"",""使役-重疊-混"",""那個"",""菜""]",0.966,,
include,23,c,55,ha-min han mu-kan kiya hemay.,ha-min han mu-kan kiya hemay.,ha-min                 han           mu-kan             kiya         hemay      .,,,（飯）全部都吃掉。,HA-全部的 助詞 主焦-吃（那個飯）,HA-全部的 助詞 主焦-吃 那個 飯,"[""HA-全部的"",""助詞"",""主焦-吃"",""那個"",""飯""]",0.980,PDF page-image verified interlinear column alignment.,
include,24,a,57,zahkez sa kaku izau kisu.,zahkez sa kaku izau kisu.,zahkez sa           kaku            izau     kisu.,,,有你在我就放心了。,放心 SA 我.主格 有 你.主格,放心 SA 我.主格 有 你.主格,"[""放心"",""SA"",""我.主格"",""有"",""你.主格""]",0.976,,
include,24,b,57,ka-zahkez tu kisu!,ka-zahkez tu kisu!,ka-zahkez            tu              kisu!,,,你放心吧！,命令-放心 完成貌 你.主格,命令-放心 完成貌 你.主格,"[""命令-放心"",""完成貌"",""你.主格""]",0.968,,
include,25,a,58,ci ta-baki-an nu laway.,ci ta-baki-an nu laway.,ci          ta-baki-an nu           laway. 30,,,長舌婦。,主格 TA-大的-處焦 屬格嘴巴,主格 TA-大的-處焦 屬格 嘴巴,"[""主格"",""TA-大的-處焦"",""屬格"",""嘴巴""]",0.974,,
include,25,b,58,ka-laway han nu tau ci Miciyang.,ka-laway han nu tau ci Miciyang.,ka-laway           han     nu       tau       ci         Miciyang.,,,別人都稱 Miciyang大嘴巴。,KA-嘴 稱謂 屬格 別人 主格人名,KA-嘴巴 稱謂 屬格 別人 主格 人名,"[""KA-嘴巴"",""稱謂"",""屬格"",""別人"",""主格"",""人名""]",0.981,PDF page-image verified interlinear column alignment.,
include,26,a,59,u ka-wanan a kuku' ku adadaay ni Pudaw.,u ka-wanan a kuku' ku adadaay ni Pudaw.,u           ka-wanan a            kuku'    ku      adadaay        ni   Pudaw.,,,Pudaw 痛的是右腳。,普名標記KA-右繫詞 腳 主格 痛-AY 屬格人名,普名標記 KA-右 繫詞 腳 主格 痛-AY 屬格 人名,"[""普名標記"",""KA-右"",""繫詞"",""腳"",""主格"",""痛-AY"",""屬格"",""人名""]",0.984,,
include,26,b,59,i ka-wili kiya cudad nu misu.,i ka-wili kiya cudad nu misu.,i             ka-wili            kiya cudad        nu         misu.,,,你的書本在左邊。,處所格 方位-左 那個 書 麕格 m-你.屬格,處所格 方位-左 那個 書 屬格 m-你.屬格,"[""處所格"",""方位-左"",""那個"",""書"",""屬格"",""m-你.屬格""]",0.979,,
include,27,a,61,cacay ku luma' i buyu' ni Panay.,cacay ku luma' i buyu' ni Panay.,cacay          ku              luma' i          buyu'           ni                   Panay.,,,Panay 在山上只有一間房屋。,一個 主格 家 處所格 山上 屬格人名,一個 主格 家 處所格 山上 屬格 人名,"[""一個"",""主格"",""家"",""處所格"",""山上"",""屬格"",""人名""]",0.980,PDF page-image correction: Panay restored from OCR Pamay.,
include,27,b,61,la-cacay ku ni-zateng nu mita.,la-cacay ku ni-zateng nu mita.,la-cacay                 ku          ni-zateng nu               mita. 35,,,我們的理念一致。,變成-一個 主格 ni-想 屬格 m-我們.屬格,變成-一個 主格 ni-想 屬格 m-我們.屬格,"[""變成-一個"",""主格"",""ni-想"",""屬格"",""m-我們.屬格""]",0.962,,
include,28,a,61,ma-lubic ku heci niya mami.,ma-lubic ku heci niya mami.,ma-lubic                 ku          heci      niya        mami.,,,那棵文旦果實纍纍。,主焦-纍纍36 主格 果實 那個 交日,主焦-纍纍 主格 果實 那個 文旦,"[""主焦-纍纍"",""主格"",""果實"",""那個"",""文旦""]",0.978,PDF page-image correction: 文旦 restored from OCR 交旦. PDF page-image verified interlinear column alignment.,
include,28,b,61,la-heci tu ku kawaw nu mita,la-heci tu ku kawaw nu mita,la-heci                  tu          ku      kawaw        nu           mita 37,,,我們的事情已完成。,變成-果實 斜格 主格 事情 屬格 m-我.屬格,變成-果實 斜格 主格 事情 屬格 m-我.屬格,"[""變成-果實"",""斜格"",""主格"",""事情"",""屬格"",""m-我.屬格""]",0.978,,
include,29,a,63,"ayaw nu duba', pa-tudud tu lamal.","ayaw nu duba', pa-tudud tu lamal.","ayaw nu            duba', pa-tudud            tu        lamal.",,,跑步之前，先傳遞聖火。,前 屬格 跑 PA-傳遞 斜格 火,前 屬格 跑 PA-傳遞 斜格 火,"[""前"",""屬格"",""跑"",""PA-傳遞"",""斜格"",""火""]",0.981,,
include,29,b,63,ma-duba' kaku tu sana-sananal.,ma-duba' kaku tu sana-sananal.,ma-duba' kaku               tu   sana-sananal.,,,我每天都在晨跑。,主焦-跑我 斜格 重疊-早上,主焦-跑 我 斜格 重疊-早上,"[""主焦-跑"",""我"",""斜格"",""重疊-早上""]",0.981,PDF page-image verified interlinear column alignment.,
include,30,a,63,lihanaw kaku tu wawa aku.,lihanaw kaku tu wawa aku.,lihanaw kaku                tu        wawa             aku.,,,我好擔心我的孩子。,擔心我 斜格 孩子 我蟨格,擔心 我 斜格 孩子 我.屬格,"[""擔心"",""我"",""斜格"",""孩子"",""我.屬格""]",0.976,PDF page-image verified interlinear column alignment.,
include,30,b,63,ma-lihanaw kaku tu imelang ni ina nu maku.,ma-lihanaw kaku tu imelang ni ina nu maku.,ma-lihanaw kaku                  tu         imelang      ni    ina    nu     maku.,,,我好擔心媽媽的病情。,主焦-擔心 我，主格 斜格 病 屬格 媽媽 屬格 m-我.屬格,主焦-擔心 我.主格 斜格 病 屬格 媽媽 屬格 m-我.屬格,"[""主焦-擔心"",""我.主格"",""斜格"",""病"",""屬格"",""媽媽"",""屬格"",""m-我.屬格""]",0.986,,
excluded_exact_repeat,31,a,64,balud-han ni Kacaw ku kasuy.,balud-han ni Kacaw ku kasuy.,balud-han            ni     Kacaw        ku        kasuy.,,AKIW_SZY_2012_EX_018C,Kacaw 將木材綑綁起來。,綁-受焦 屬格 人名 主格 木材,綁-受焦 屬格 人名 主格 木材,"[""綁-受焦"",""屬格"",""人名"",""主格"",""木材""]",0.979,,Exact source-form repeat of example 018c; extracted text page 38; represented by AKIW_SZY_2012_EX_018C. This row's source translation and gloss remain in the ledger.
include,31,b,64,ma-balud tu ku ni-sapud-an nu maku a tudem.,ma-balud tu ku ni-sapud-an nu maku a tudem.,ma-balud             tu      ku      ni-sapud-an        nu maku                 a     tudem.,,,我撿的漂流木已經綁好了。,m-我.屬格 繫詞 漂流木,受焦-綁 完成貌 主格 NI-撿-處焦 屬格 m-我.屬格 繫詞 漂流木,"[""受焦-綁"",""完成貌"",""主格"",""NI-撿-處焦"",""屬格"",""m-我.屬格"",""繫詞"",""漂流木""]",0.933,PDF page-image verified interlinear column alignment.,
include,32,a,65,ta-umah kita mi-belesiw tu lutuk.,ta-umah kita mi-belesiw tu lutuk.,ta-umah kita                mi-belesiw     tu    lutuk.,,,我們一塊兒到田裡劈草。,TA-田我們.主格 主焦-劈 斜格 草,TA-田 我們.主格 主焦-劈 斜格 草,"[""TA-田"",""我們.主格"",""主焦-劈"",""斜格"",""草""]",0.982,,
include,32,b,65,ma-lutuk tu ku ni-paluma-an a padingad.,ma-lutuk tu ku ni-paluma-an a padingad.,ma-lutuk       tu          ku   ni-paluma-an          a   padingad.,,,鳳梨園雜草叢生。,MA-草 完成貌 主格 NI-種-受焦 繫詞 鳳梨,MA-草 完成貌 主格 NI-種-受焦 繫詞 鳳梨,"[""MA-草"",""完成貌"",""主格"",""NI-種-受焦"",""繫詞"",""鳳梨""]",0.985,,
include,33,a,66,ma-hiza u bulad ku kalaw ni Panay.,ma-hiza u bulad ku kalaw ni Panay.,ma-hiza           u           bulad ku             kalaw          ni   Panay.,,,Panay 的眉毛像月亮。,Ma-那樣 普名標記月亮 主格 眉毛 屬格 人名,Ma-那樣 普名標記 月亮 主格 眉毛 屬格 人名,"[""Ma-那樣"",""普名標記"",""月亮"",""主格"",""眉毛"",""屬格"",""人名""]",0.982,,
include,33,b,66,ma-bulad ku kaying tu pay-bulad.,ma-bulad ku kaying tu pay-bulad.,ma-bulad ku             kaying        tu        pay-bulad.,,,小姐每個月都來月經。,Ma-月經 主格 小姐 斜格 PAY-月,Ma-月經 主格 小姐 斜格 PAY-月,"[""Ma-月經"",""主格"",""小姐"",""斜格"",""PAY-月""]",0.982,,
include,34,a,67,kudus sa tu ci Kacaw.,kudus sa tu ci Kacaw.,kudus          sa    tu         ci Kacaw.,,,Kacaw 越來越瘦。,瘦 SA 斜格 主格 人名,瘦 SA 斜格 主格 人名,"[""瘦"",""SA"",""斜格"",""主格"",""人名""]",0.970,,
include,34,b,67,ma-kudus kina wacu nu misu.,ma-kudus kina wacu nu misu.,ma-kudus kina                  wacu       nu        misu.,,,你飼養的狗很瘦。,MA-瘦 這個 狗 屬格 m-你.屬格,MA-瘦 這個 狗 屬格 m-你.屬格,"[""MA-瘦"",""這個"",""狗"",""屬格"",""m-你.屬格""]",0.978,,
include,35,a,67,ciki sa kaku a pa-ka-azih tu izang.,ciki sa kaku a pa-ka-azih tu izang.,ciki           sa    kaku             a         pa-ka-azih         tu   izang.,,,一看到血，我就會覺得噁心。,噁心 SA 我.主格 繫詞 PA-KA-看 斜格 血,噁心 SA 我.主格 繫詞 PA-KA-看 斜格 血,"[""噁心"",""SA"",""我.主格"",""繫詞"",""PA-KA-看"",""斜格"",""血""]",0.982,,
include,35,b,68,amana pi-azih tu angtul-ay ma-ciki.,amana pi-azih tu angtul-ay ma-ciki.,amana           pi-azih      tu          angtul-ay ma-ciki.,,,不要看髒的會感到噁心,不要 使役-看 斜格 臭-AY MA-噁心,不要 使役-看 斜格 臭-AY MA-噁心,"[""不要"",""使役-看"",""斜格"",""臭-AY"",""MA-噁心""]",0.984,PDF page-image correction: removed a non-source trailing OCR glyph.,
include,36,a,69,binkiw sa ci Kacaw sa u nu Lipun.,binkiw sa ci Kacaw sa u nu Lipun.,binkiw sa        ci          Kacaw sa       u           nu         Lipun.,,,原來Kacaw 所唸的就是日本書。,唸書 SA 主格 人名 SA 普名標記 屬格日本,唸書 SA 主格 人名 SA 普名標記 屬格 日本,"[""唸書"",""SA"",""主格"",""人名"",""SA"",""普名標記"",""屬格"",""日本""]",0.980,,
include,36,b,69,mi-binkiw ci Amu.,mi-binkiw ci Amu.,mi-binkiw        ci          Amu.,,,Amu在唸書。,主焦-唸書 主格人名,主焦-唸書 主格 人名,"[""主焦-唸書"",""主格"",""人名""]",0.966,,
excluded_exact_repeat,37,a,70,balud-han ni Kacaw ku kasuy.,balud-han ni Kacaw ku kasuy.,balud-han            ni          Kacaw             ku          kasuy.,,AKIW_SZY_2012_EX_018C,Kacaw 將木材綑綁起來。,綁-受焦 屬格人名 主格 木材,綁-受焦 屬格 人名 主格 木材,"[""綁-受焦"",""屬格"",""人名"",""主格"",""木材""]",0.979,,Exact source-form repeat of example 018c; extracted text page 38; represented by AKIW_SZY_2012_EX_018C. This row's source translation and gloss remain in the ledger.
include,37,b,70,mi-balud kita tu ni-penen-an i buyu'.,mi-balud kita tu ni-penen-an i buyu'.,mi-balud              kita            tu        ni-penen-an           i         buyu'.,,,我們在綁在山上砍好的官蓁。,主焦-綁 我們.主格 斜格 NI-官蓁-AN 處所格 山上,主焦-綁 我們.主格 斜格 NI-官蓁-AN 處所格 山上,"[""主焦-綁"",""我們.主格"",""斜格"",""NI-官蓁-AN"",""處所格"",""山上""]",0.984,,
include,38,a,71,amana ka-pawan mi-banaw tu atip.,amana ka-pawan mi-banaw tu atip.,amana         ka-pawan mi-banaw                  tu       atip. 50,,,不要忘記洗筷子。,不要 KA-忘記 主焦-洗 斜格筷子,不要 KA-忘記 主焦-洗 斜格 筷子,"[""不要"",""KA-忘記"",""主焦-洗"",""斜格"",""筷子""]",0.982,,
include,38,b,71,mi-atip ci Kacaw tu titi nu katalalan i dangah.,mi-atip ci Kacaw tu titi nu katalalan i dangah.,mi-atip          ci        Kacaw        tu        titi nu         katalalan    i   dangah.,,,Kacaw 在夾鍋子裡的牛肉。,主焦-筷子 主格 人名 科格 肉 屬格 牛 處所格 鍋子,主焦-筷子 主格 人名 斜格 肉 屬格 牛 處所格 鍋子,"[""主焦-筷子"",""主格"",""人名"",""斜格"",""肉"",""屬格"",""牛"",""處所格"",""鍋子""]",0.987,,
include,39,a,71,u salil ku sa-pi-buting nu maku.,u salil ku sa-pi-buting nu maku.,u              salil ku       sa-pi-buting                nu         maku.,,,我抓魚用網的。,普名標記網 主格 工焦-魚 屬格 m-我.屬格,普名標記 網 主格 工焦-魚 屬格 m-我.屬格,"[""普名標記"",""網"",""主格"",""工焦-魚"",""屬格"",""m-我.屬格""]",0.981,PDF page-image verified interlinear column alignment.,
include,39,b,71,mi-salil kuheni i taku.,mi-salil kuheni i taku.,mi-salil             kuheni             i          taku.,,,他們在池塘撒網。,主焦-網他們.主格 處所格 池塘,主焦-網 他們.主格 處所格 池塘,"[""主焦-網"",""他們.主格"",""處所格"",""池塘""]",0.974,PDF page-image verified interlinear column alignment.,
include,40,a,72,bangsis ku ni-pa-wali-an a tebu'.,bangsis ku ni-pa-wali-an a tebu'.,bangsis ku       ni-pa-wali-an            a     tebu'. 51,,,筍乾很香。,香主格 NI-PA-東-處焦 繫詞 筍,香 主格 NI-PA-東-處焦 繫詞 筍,"[""香"",""主格"",""NI-PA-東-處焦"",""繫詞"",""筍""]",0.964,,
include,40,b,73,mi-tebu' kita i buyu' ayza.,mi-tebu' kita i buyu' ayza.,mi-tebu'              kita         i          buyu'      ayza.,,,我們現在上山探竹筍。,主焦-筍 我們-主格 處所格 山 現在,主焦-筍 我們-主格 處所格 山 現在,"[""主焦-筍"",""我們-主格"",""處所格"",""山"",""現在""]",0.978,,
include,41,a,74,yadah ku balaut i laku nu niyam.,yadah ku balaut i laku nu niyam.,yadah       ku balaut         i        laku           nu niyam.,,,我們的水田有很多青蛙。,多 主格青蛙 處所格 水田 靥格我們.贗格,多 主格 青蛙 處所格 水田 屬格 我們.屬格,"[""多"",""主格"",""青蛙"",""處所格"",""水田"",""屬格"",""我們.屬格""]",0.980,PDF page-image verified interlinear column alignment.,
include,41,b,74,mi-balaut kita i laku.,mi-balaut kita i laku.,mi-balaut       kita                    i      laku.,,,我們去水田裡抓青蛙。,主焦-青蛙 我們-主格 處所格 水田,主焦-青蛙 我們-主格 處所格 水田,"[""主焦-青蛙"",""我們-主格"",""處所格"",""水田""]",0.973,,
include,42,a,74,i nanum ku piya'.,i nanum ku piya'.,i nanum        ku         piya'.,,,蚌貝在水裡。,處所格 水 主格 蚌,處所格 水 主格 蚌,"[""處所格"",""水"",""主格"",""蚌""]",0.963,,
include,42,b,74,mi-piya' kami i sauwac.,mi-piya' kami i sauwac.,mi-piya'        kami                i          sauwac.,,,我們在溪邊撿蜆。,主焦-蜆 我們-主格 處所格 溪,主焦-蜆 我們-主格 處所格 溪,"[""主焦-蜆"",""我們-主格"",""處所格"",""溪""]",0.974,,
include,43,a,75,i badahung ku lesa' nu udad.,i badahung ku lesa' nu udad.,i                 badahung ku                lesa'       nu      udad.,,,屋頂漏水。,處所格 屋頂 主格 漏水 屬格 雨,處所格 屋頂 主格 漏水 屬格 雨,"[""處所格"",""屋頂"",""主格"",""漏水"",""屬格"",""雨""]",0.978,,
include,43,b,75,ma-a-eda-edap ku babalaki mi-badahung tu luma'.,ma-a-eda-edap ku babalaki mi-badahung tu luma'.,ma-a-eda-edap                ku         babalaki         mi-badahung         tu   luma'.,,,長輩互相幫忙蓋屋頂。,MA-A-重疊-幫 主格 長輩 主焦-屋頂 斜格 家,MA-A-重疊-幫 主格 長輩 主焦-屋頂 斜格 家,"[""MA-A-重疊-幫"",""主格"",""長輩"",""主焦-屋頂"",""斜格"",""家""]",0.988,,
include,44,a,75,sa-betas tu cilis a tatak.,sa-betas tu cilis a tatak.,sa-betas                tu          cilis         a           tatak.,,,挖水溝的鋤頭。,工具-撐破 斜格 水道 繫詞 鋤頭,工具-撐破 斜格 水道 繫詞 鋤頭,"[""工具-撐破"",""斜格"",""水道"",""繫詞"",""鋤頭""]",0.977,,
include,44,b,75,mi-cilis tu sa-pa-nanum tu laku.,mi-cilis tu sa-pa-nanum tu laku.,mi-cilis                tu        sa-pa-nanum            tu         laku.,,,引水到水田。,主焦-水道 刹格 工具-PA-水 斜格 水田,主焦-水道 斜格 工具-PA-水 斜格 水田,"[""主焦-水道"",""斜格"",""工具-PA-水"",""斜格"",""水田""]",0.982,,
include,45,a,76,asu' ku cucu nu katalalan a nanum-en!,asu' ku cucu nu katalalan a nanum-en!,asu'        ku      cucu         nu         katalalan   a     nanum-en!,,,牛奶真好喝！,好吃 主格 奶 靥格 牛 繫詞 水-使役,好吃 主格 奶 屬格 牛 繫詞 水-使役,"[""好吃"",""主格"",""奶"",""屬格"",""牛"",""繫詞"",""水-使役""]",0.984,,
include,45,b,76,mi-cucu ku tutuy tu cucu nu ulang.,mi-cucu ku tutuy tu cucu nu ulang.,mi-cucu            ku     tutuy        tu       cucu     nu    ulang.,,,小狗吸吮母狗的奶。,主焦-奶 主格 小狗 斜格 奶 屬格 母的,主焦-奶 主格 小狗 斜格 奶 屬格 母的,"[""主焦-奶"",""主格"",""小狗"",""斜格"",""奶"",""屬格"",""母的""]",0.982,,
include,46,a,78,tabaki ku cebu nu katalalan.,tabaki ku cebu nu katalalan.,tabaki     ku         cebu              nu       katalalan.,,,水牛的膀胱很大。,大 主格 膀胱 屬格 牛,大 主格 膀胱 屬格 牛,"[""大"",""主格"",""膀胱"",""屬格"",""牛""]",0.979,,
include,46,b,78,balaki tu ci Edi' mu-cebu henay.,balaki tu ci Edi' mu-cebu henay.,balaki       tu        ci               Edi'     mu-cebu         henay.,,,Edi'已經長大了還會偷尿床。,長大 斜格 主格 人名 主焦-膀胱 還,長大 斜格 主格 人名 主焦-膀胱 還,"[""長大"",""斜格"",""主格"",""人名"",""主焦-膀胱"",""還""]",0.981,PDF page-image correction: 已 restored from OCR 己.,
include,47,a,78,angcuh ku isi' ni bayi.,angcuh ku isi' ni bayi.,angcuh     ku         isi'        ni           bayi.,,,阿嬤的尿味很臭。,臭主格尿屬格 阿嬤,臭 主格 尿 屬格 阿嬤,"[""臭"",""主格"",""尿"",""屬格"",""阿嬤""]",0.973,,
include,47,b,78,i zazan sa ciniza a mu-isi'.,i zazan sa ciniza a mu-isi'.,i           zazan        sa             ciniza              a    mu-isi'.,,,他撒尿在路邊。,處所格 路 SA 他.主格 繫詞 主焦-尿,處所格 路 SA 他.主格 繫詞 主焦-尿,"[""處所格"",""路"",""SA"",""他.主格"",""繫詞"",""主焦-尿""]",0.955,,
include,48,a,79,mi-belih tu cudad.,mi-belih tu cudad.,mi-belih        tu          cudad.,,,翻開書。,主焦-翻 斜格 書,主焦-翻 斜格 書,"[""主焦-翻"",""斜格"",""書""]",0.968,,
include,48,b,79,mu-belih ci Kacaw tu sa-ka-si-acawa niza.,mu-belih ci Kacaw tu sa-ka-si-acawa niza.,mu-belih   ci         Kacaw tu            sa-ka-si-acawa   niza.,,,Kacaw 本來要結婚但是他反悔了。,主焦-翻 主格 人名 斜格 SA-KA-SI-老婆 他.麡格,主焦-翻 主格 人名 斜格 SA-KA-SI-老婆 他.屬格,"[""主焦-翻"",""主格"",""人名"",""斜格"",""SA-KA-SI-老婆"",""他.屬格""]",0.986,,
include,49,a,80,sanal han tu nu mita tayza ci Panay-an.,sanal han tu nu mita tayza ci Panay-an.,sanal       han        tu         nu   mita                tayza   ci   Panay-an.,,,我們上午再去 Panay那裏。,上午 HAN 斜格 屬格 m-我們，屬格 去 斜格 Panay-斜格,上午 HAN 斜格 屬格 m-我們.屬格 去 斜格 Panay-斜格,"[""上午"",""HAN"",""斜格"",""屬格"",""m-我們.屬格"",""去"",""斜格"",""Panay-斜格""]",0.984,,
include,49,b,81,na-sanal ci Tiway katukuh i tini.,na-sanal ci Tiway katukuh i tini.,na-sanal            ci          Tiway         katukuh          i     tini.,,,Tiway 是今天上午到達這裡的。,過去-上午 主格 人名 到達 處所格 這裡,過去-上午 主格 人名 到達 處所格 這裡,"[""過去-上午"",""主格"",""人名"",""到達"",""處所格"",""這裡""]",1.000,,
include,50,a,81,pacena' henay kaku.,pacena' henay kaku.,pacena’ henay                   kaku.,,,我休息一下。,休息 助詞 我主格,休息 助詞 我.主格,"[""休息"",""助詞"",""我.主格""]",0.970,,
include,50,b,82,na-pacena' tu ci Padakaw i zazan.,na-pacena' tu ci Padakaw i zazan.,na-pacena’           tu         ci      Padakaw         i   zazan.,,,Padakaw 在途中休息過了。,完成-休息 完成貌 主格 人名 處所格 路上,完成-休息 完成貌 主格 人名 處所格 路上,"[""完成-休息"",""完成貌"",""主格"",""人名"",""處所格"",""路上""]",0.982,,
include,51,a,83,pazeng han kiya tuud i tiza kapah tu.,pazeng han kiya tuud i tiza kapah tu.,pazeng han              kiya tuud             i        tiza         kapah     tu.,,,東西放在那裏就好了。,放 HAN 那個 東西 處所格 那裡 好完成貌,放 HAN 那個 東西 處所格 那裡 好 完成貌,"[""放"",""HAN"",""那個"",""東西"",""處所格"",""那裡"",""好"",""完成貌""]",0.983,,
include,51,b,83,nu canan ku ni-pazeng ni Tuy i sulu?,nu canan ku ni-pazeng ni Tuy i sulu?,nu     canan       ku        ni-pazeng            ni    Tuy         i         sulu?,,,Tuy 的倉庫放置什麼東西？,屬格 什麼 主格 名物化-放 屬格 人名 處所格 倉庫,屬格 什麼 主格 名物化-放 屬格 人名 處所格 倉庫,"[""屬格"",""什麼"",""主格"",""名物化-放"",""屬格"",""人名"",""處所格"",""倉庫""]",0.982,,
include,51,c,83,pa-ayaw-an tu ni-zateng nu misu.,pa-ayaw-an tu ni-zateng nu misu.,pa-ayaw-an         tu        ni-zateng            nu    misu.,,,以你的想法為主。,PA-先-AN 斜格 NI-想 屬格 m-你.屬格,PA-先-AN 斜格 NI-想 屬格 m-你.屬格,"[""PA-先-AN"",""斜格"",""NI-想"",""屬格"",""m-你.屬格""]",0.982,PDF page-image correction: 為主 restored from OCR 寫主.,
include,52,a,84,mu-lenek kiya balunga.,mu-lenek kiya balunga.,mu-lenek         kiya   balunga.,,,那艘船沉沒了。,主焦-沈 那個 船,主焦-沈 那個 船,"[""主焦-沈"",""那個"",""船""]",0.974,,
include,52,b,84,pa-balunga tayza i Butud.,pa-balunga tayza i Butud.,pa-balunga      tayza      i        Butud.,,,划船去蘭嶼。,PA-船 去 處所格蘭嶼,PA-船 去 處所格 蘭嶼,"[""PA-船"",""去"",""處所格"",""蘭嶼""]",0.977,,
include,53,a,85,tanaya' tu ku ciid nu kilang.,tanaya' tu ku ciid nu kilang.,tanaya' tu             ku    ciid     nu          kilang.,,,樹的枝芽長長了。,長屬格 爸爸枝 蟨格樹,長 屬格 爸爸 枝 屬格 樹,"[""長"",""屬格"",""爸爸"",""枝"",""屬格"",""樹""]",0.979,PDF page-image verified interlinear column alignment.,
include,53,b,85,pa-hezek mi-niwaniw pa-ciid tu ku tipus.,pa-hezek mi-niwaniw pa-ciid tu ku tipus.,pa-hezek         mi-niwaniw pa-ciid        tu          ku       tipus.,,,除草完稻子就開始長芽。,PA-完成 MI-除草 PA-枝 完成貌 主格 稻,PA-完成 MI-除草 PA-枝 完成貌 主格 稻,"[""PA-完成"",""MI-除草"",""PA-枝"",""完成貌"",""主格"",""稻""]",0.986,,
include,54,a,86,daesu nu i pabaw-ay kuyni.,daesu nu i pabaw-ay kuyni.,daesu       nu i             pabaw-ay              kuyni.,,,這是上天的恩賜。,恩賜 屬格處所格 上-AY 這個,恩賜 屬格 處所格 上-AY 這個,"[""恩賜"",""屬格"",""處所格"",""上-AY"",""這個""]",0.977,,
include,54,b,86,pa-daesu ku i pabaw-ay a Di'tu.,pa-daesu ku i pabaw-ay a Di'tu.,pa-daesu        ku           i          pabaw-ay        a          Di'tu.,,,天神賜下福氣。,PA-恩賜 主格 處所格 上-AY 繫詞 神,PA-恩賜 主格 處所格 上-AY 繫詞 神,"[""PA-恩賜"",""主格"",""處所格"",""上-AY"",""繫詞"",""神""]",0.960,,
include,55,a,86,bangsis ku balu nu mami'.,bangsis ku balu nu mami'.,bangsis ku                balu     nu          mami'.,,,柚子的花很香。,香 主格 花 屬格 柚子,香 主格 花 屬格 柚子,"[""香"",""主格"",""花"",""屬格"",""柚子""]",0.950,,
include,55,b,86,pa-bangsis ci Panay tu bukes niza.,pa-bangsis ci Panay tu bukes niza.,pa-bangsis         ci      Panay        tu     bukes        niza.,,,Panay 讓她的頭髮散發香味。,PA-香 主格 人名 斜格 頭髮 他.格,PA-香 主格 人名 斜格 頭髮 他.屬格,"[""PA-香"",""主格"",""人名"",""斜格"",""頭髮"",""他.屬格""]",0.964,,
include,56,a,87,mi-tengil tu pelu.,mi-tengil tu pelu.,mi-tengil         tu      pelu.,,,聽演講。,主焦-聽 斜格 演講,主焦-聽 斜格 演講,"[""主焦-聽"",""斜格"",""演講""]",0.968,,
include,56,b,88,pi-tengil tu kamu nu ba-balaki!,pi-tengil tu kamu nu ba-balaki!,pi-tengil tu            kamu        nu         ba-balaki!,,,要聽從長輩的話！,祈使-聽 刹格 話屬格 重疊-長人,祈使-聽 斜格 話 屬格 重疊-長人,"[""祈使-聽"",""斜格"",""話"",""屬格"",""重疊-長人""]",0.943,,
include,57,a,88,tudung-han ni Lali' ci Ibun mu-culil ma-balucu' ci Ibun.,tudung-han ni Lali' ci Ibun mu-culil ma-balucu' ci Ibun.,tudung-han       ni        Lali'    ci        Ibun mu-culil ma-balucu' ci         Ibun.,,,Lali模仿 Ibun 走路，Ibun 就生氣了。,模仿-受焦 屬格 人名 主格 人名 Mu-走 MA-心 主格人名,模仿-受焦 屬格 人名 主格 人名 Mu-走 MA-心 主格 人名,"[""模仿-受焦"",""屬格"",""人名"",""主格"",""人名"",""Mu-走"",""MA-心"",""主格"",""人名""]",0.936,PDF page-image correction: the second Ibun restored from OCR lbun.,
include,57,b,88,pi-tudung tu kapah-ay-ay a wayway.,pi-tudung tu kapah-ay-ay a wayway.,pi-tudung         tu         kapah-ay-ay           a             wayway.,,,要學習好的行為。,祈使-模仿 斜格 好的-AY-AY 繫詞 行為,祈使-模仿 斜格 好的-AY-AY 繫詞 行為,"[""祈使-模仿"",""斜格"",""好的-AY-AY"",""繫詞"",""行為""]",0.983,,
include,57,c,88,ma-tineng kaku mi-tudung tu ngiha' nu ayam.,ma-tineng kaku mi-tudung tu ngiha' nu ayam.,ma-tineng        kaku        mi-tudung           tu          ngiha'      nu   ayam.,,,我很會學鳥叫。,主焦-會 我.主格 主焦-模仿 斜格 聲音 蟨格 鳥,主焦-會 我.主格 主焦-模仿 斜格 聲音 屬格 鳥,"[""主焦-會"",""我.主格"",""主焦-模仿"",""斜格"",""聲音"",""屬格"",""鳥""]",0.986,,
include,58,a,90,mi-cakay kaku tu sa-emic.,mi-cakay kaku tu sa-emic.,mi-cakay          kaku        tu            sa-emic.,,,我買夾子。,主焦-買 我主格 斜格 工具-夾,主焦-買 我.主格 斜格 工具-夾,"[""主焦-買"",""我.主格"",""斜格"",""工具-夾""]",0.977,,
include,58,b,90,ma-hetik ku sa-kupit nu zikuc nu maku.,ma-hetik ku sa-kupit nu zikuc nu maku.,ma-hetik         ku       sa-kupit    nu      zikuc    nu maku.,,,我衣服的鈕扣掉了。,MA-掉 ：主格 工具-扣 屬格 衣服 屬格 m-我.屬格,MA-掉 主格 工具-扣 屬格 衣服 屬格 m-我.屬格,"[""MA-掉"",""主格"",""工具-扣"",""屬格"",""衣服"",""屬格"",""m-我.屬格""]",0.984,,
include,59,a,90,hina-bulibul ku ma-busuk-ay.,hina-bulibul ku ma-busuk-ay.,hina-bulibul ku           ma-busuk-ay.,,,酒醉的人時常擾亂。,常-擾亂 主格 MA-醉-AY,常-擾亂 主格 MA-醉-AY,"[""常-擾亂"",""主格"",""MA-醉-AY""]",0.980,,
include,59,b,91,sa-bulibul nu niyazu' ci Pasang.,sa-bulibul nu niyazu' ci Pasang.,sa-bulibul             nu      niyazu'         ci     Pasang.,,,Pasang 是部落裡的流氓。,名物化-擾亂 屬格 部落 主格 人名,名物化-擾亂 屬格 部落 主格 人名,"[""名物化-擾亂"",""屬格"",""部落"",""主格"",""人名""]",1.000,PDF page-image correction: 流氓 restored from OCR 流哦.,
include,60,a,91,kizemu kaku likecu tu ku zikuc.,kizemu kaku likecu tu ku zikuc.,kizemu          kaku          likecu      tu             ku         zikuc.,,,我胖衣服都窄了。,胖 我主格 窄 完成貌 主格 衣服,胖 我.主格 窄 完成貌 主格 衣服,"[""胖"",""我.主格"",""窄"",""完成貌"",""主格"",""衣服""]",0.980,,
include,60,b,92,sa-likecu sa tu ku calaped a sa-calaped-en.,sa-likecu sa tu ku calaped a sa-calaped-en.,sa-likecu    sa        tu           ku         calaped     a     sa-calaped-en.,,,褲子穿起來很緊。,SA-窄 SA TU 主格 褲子 繫詞 工具-褲子-EN,SA-窄 SA TU 主格 褲子 繫詞 工具-褲子-EN,"[""SA-窄"",""SA"",""TU"",""主格"",""褲子"",""繫詞"",""工具-褲子-EN""]",1.000,,
include,61,a,94,ma-hiza u apuk ku abu.,ma-hiza u apuk ku abu.,ma-hiza             u           apuk          ku     abu.,,,灰燼正如石灰。,主焦-那樣 普名標記 石灰 主格 灰燼,主焦-那樣 普名標記 石灰 主格 灰燼,"[""主焦-那樣"",""普名標記"",""石灰"",""主格"",""灰燼""]",0.971,,
include,61,b,94,si-apuk ku bila'.,si-apuk ku bila'.,si-apuk             ku     bila'.,,,檳榔葉上有石灰。,有-石灰 主格 荖葉,有-石灰 主格 荖葉,"[""有-石灰"",""主格"",""荖葉""]",0.929,,
include,62,a,94,cupelak ku alupal nu Taywan.,cupelak ku alupal nu Taywan.,cupelak ku alupal               nu             Taywan.,,,臺灣出產的柿子澀澀的。,澀 主格柿子 屬格 臺灣,澀 主格 柿子 屬格 臺灣,"[""澀"",""主格"",""柿子"",""屬格"",""臺灣""]",0.979,,
include,62,b,94,si-alupal ci Muli i buyu'.,si-alupal ci Muli i buyu'.,si-alupal           ci      Muli         i           buyu'.,,,Muli 的山上有種柿子。,有-柿子 主格 人名 處所格 山上,有-柿子 主格 人名 處所格 山上,"[""有-柿子"",""主格"",""人名"",""處所格"",""山上""]",0.977,,
include,63,a,94,kapah ku balucu' nu apet aku.,kapah ku balucu' nu apet aku.,kapah          ku        balucu' nu           apet      aku.,,,我的妯娌心很善良。,善良 主格 ：心 屬格 妯娌 我.屬格,善良 主格 心 屬格 妯娌 我.屬格,"[""善良"",""主格"",""心"",""屬格"",""妯娌"",""我.屬格""]",0.979,,
include,63,b,94,si-apet kaku tu padaka.,si-apet kaku tu padaka.,si-apet             kaku            tu    padaka.,,,我有外國人的妯娌。,有-妯娌 我.主格 斜格 外國人,有-妯娌 我.主格 斜格 外國人,"[""有-妯娌"",""我.主格"",""斜格"",""外國人""]",0.974,,
include,64,a,95,sa-pi-dadum ita ku bakici.,sa-pi-dadum ita ku bakici.,sa-pi-dadum                       ita                ku     bakici.,,,水桶是我們挑水的工具。,工具-新使-挑水 我們.屬格 主格 水桶,工具-新使-挑水 我們.屬格 主格 水桶,"[""工具-新使-挑水"",""我們.屬格"",""主格"",""水桶""]",0.978,,
include,64,b,95,si-bakici kaku mi-dadum.,si-bakici kaku mi-dadum.,si-bakici                  kaku         mi-dadum.,,,我帶水桶去取水。,帶-水桶 我.主格 主焦-挑水,帶-水桶 我.主格 主焦-挑水,"[""帶-水桶"",""我.主格"",""主焦-挑水""]",0.977,,
include,65,a,96,nanu belac ku sa-pi-sa-aam.,nanu belac ku sa-pi-sa-aam.,nanu               belac    ku       sa-pi-sa-aam.,,,稀飯是由米所煮成的。,曾經 米 主格 工具-祈使-工具-稀飯,曾經 米 主格 工具-祈使-工具-稀飯,"[""曾經"",""米"",""主格"",""工具-祈使-工具-稀飯""]",0.979,,
include,65,b,96,si-belac ta-buyu' mi-adup.,si-belac ta-buyu' mi-adup.,si-belac             ta-buyu'        mi-adup.,,,帶米上山打獵。,帶-米 去-山上 主焦-打獵,帶-米 去-山上 主焦-打獵,"[""帶-米"",""去-山上"",""主焦-打獵""]",0.979,,
include,66,a,97,pa-wali-en ku calaped i putah.,pa-wali-en ku calaped i putah.,pa-wali-en            ku               calaped                  i               putah.,,,把褲子拿到廣場去曬。,使役-曬-受焦 主格 褲子 處所格 廣場,使役-曬-受焦 主格 褲子 處所格 廣場,"[""使役-曬-受焦"",""主格"",""褲子"",""處所格"",""廣場""]",0.980,,
include,66,b,97,si-calaped ku tademaw amin.,si-calaped ku tademaw amin.,si-calaped          ku           tademaw           amin.,,,人們都穿褲子。,穿-褲子 主格 人 全部的,穿-褲子 主格 人 全部的,"[""穿-褲子"",""主格"",""人"",""全部的""]",0.979,,
include,67,a,97,kapah azih-en ku tatamus i taludu' isu.,kapah azih-en ku tatamus i taludu' isu.,kapah         azih-en            ku        tatamus    i                    taludu'          isu.,,,你手指頭上的戒指很好看。,好看-受焦 主格 戒指 處所格 手指 你.鷵格,好 看-受焦 主格 戒指 處所格 手指 你.屬格,"[""好"",""看-受焦"",""主格"",""戒指"",""處所格"",""手指"",""你.屬格""]",0.985,PDF page-image verified interlinear column alignment.,
include,67,b,97,si-tatamus ku taludu' ni Bineng.,si-tatamus ku taludu' ni Bineng.,si-tatamus          ku            taludu'     ni      Bineng.,,,Bineng的手指頭上戴著戒指。,戴-戒指 主格 手指 屬格人名,戴-戒指 主格 手指 屬格 人名,"[""戴-戒指"",""主格"",""手指"",""屬格"",""人名""]",0.982,,
include,68,a,98,akuti' ku cilal i lalud.,akuti' ku cilal i lalud.,akuti'      ku       cilal i              lalud.,,,夏天的太陽很熱。,熱 主格 太陽 處所格 夏天,熱 主格 太陽 處所格 夏天,"[""熱"",""主格"",""太陽"",""處所格"",""夏天""]",0.974,,
include,68,b,99,si-cilal ayza a demiad.,si-cilal ayza a demiad.,si-cilal         ayza             a            demiad.,,,今天出太陽。,產生-太陽 今天 繫詞 日子,產生-太陽 今天 繫詞 日子,"[""產生-太陽"",""今天"",""繫詞"",""日子""]",0.947,,
include,69,a,99,mu-lusu' ku tanang nay zais.,mu-lusu' ku tanang nay zais.,mu-lusu'           ku            tanang        nay            zais.,,,汗由額頭流下。,主焦-流下 主格 汗水 從 額頭,主焦-流下 主格 汗水 從 額頭,"[""主焦-流下"",""主格"",""汗水"",""從"",""額頭""]",0.979,,
include,69,b,99,si-tanang kisu mi-sa-ka-kawaw.,si-tanang kisu mi-sa-ka-kawaw.,si-tanang         kisu                 mi-sa-ka-kawaw.,,,你工作有流汗。,產生-汗 你.主格 •MI-SA-重疊-工作,產生-汗 你.主格 MI-SA-重疊-工作,"[""產生-汗"",""你.主格"",""MI-SA-重疊-工作""]",0.982,,
include,70,a,99,kapah azih-en kiya ngawa' nu katalalan.,kapah azih-en kiya ngawa' nu katalalan.,kapah       azih-en              kiya        ngawa'              nu   katalalan.,,,牛的那隻角看起來很好。,好 看-受焦 那個 角 屬格 牛,好 看-受焦 那個 角 屬格 牛,"[""好"",""看-受焦"",""那個"",""角"",""屬格"",""牛""]",0.985,,
include,70,b,99,si-ngawa' ku katalalan.,si-ngawa' ku katalalan.,si-ngawa'        ku              katalalan.,,,牛長牛角。,長-角 主格 牛,長-角 主格 牛,"[""長-角"",""主格"",""牛""]",0.976,,
include,71,a,99,yadah ku tibeni i kulul ni Laling.,yadah ku tibeni i kulul ni Laling.,yadah       ku tibeni                  i             kulul       ni   Laling.,,,Laling的背上很多痱子。,多 主格痱子 處所格 背 屬格 人名,多 主格 痱子 處所格 背 屬格 人名,"[""多"",""主格"",""痱子"",""處所格"",""背"",""屬格"",""人名""]",0.982,,
include,71,b,99,caledes si-tibeni ku kulul.,caledes si-tibeni ku kulul.,caledes          si-tibeni              ku           kulul.,,,天氣熱背長痱子。,大氣熱 長-痱子 主格 背,大氣熱 長-痱子 主格 背,"[""大氣熱"",""長-痱子"",""主格"",""背""]",0.979,,
include,72,a,101,i amis ku luma' nu maku.,i amis ku luma' nu maku.,i               amis       ku      luma'         nu        maku.,,,我住北部,處所格 北 主格 家 屬格 m-我.屬格,處所格 北 主格 家 屬格 m-我.屬格,"[""處所格"",""北"",""主格"",""家"",""屬格"",""m-我.屬格""]",0.973,PDF page-image verified source translation without final punctuation.,
include,72,b,102,ta-amis ku culil ni Unu na-sananl.,ta-amis ku culil ni Unu na-sananl.,ta-amis       ku       culil        ni        Unu         na-sananl.,,,Unu 早上往北走。,TA-北 主格 走 屬格 人名 過去-早上,TA-北 主格 走 屬格 人名 過去-早上,"[""TA-北"",""主格"",""走"",""屬格"",""人名"",""過去-早上""]",0.982,,
include,73,a,102,yadah ku balaut i laku.,yadah ku balaut i laku.,yadah      ku balaut           i              laku.,,,水田裏有很多青蛙。,多 主格青蛙 處所格 水田,多 主格 青蛙 處所格 水田,"[""多"",""主格"",""青蛙"",""處所格"",""水田""]",0.973,,
include,73,b,102,ta-laku kita mi-azih tu tipus.,ta-laku kita mi-azih tu tipus.,ta-laku        kita            mi-azih              tu         tipus.,,,我們去水田看稻子。,TA-水田 我們.主格 主焦-看 斜格 稻子,TA-水田 我們.主格 主焦-看 斜格 稻子,"[""TA-水田"",""我們.主格"",""主焦-看"",""斜格"",""稻子""]",0.980,,
include,74,a,102,i cuwa ku luma' isu?,i cuwa ku luma' isu?,i          cuwa        ku          luma'          isu?,,,你的家住那裡？,處所格 那裡 主格 家 你.屬格,處所格 那裡 主格 家 你.屬格,"[""處所格"",""那裡"",""主格"",""家"",""你.屬格""]",0.968,,
include,74,b,102,ta-cuwa kamu a-mi-dang?,ta-cuwa kamu a-mi-dang?,ta-cuwa        kamu            a-mi-dang?,,,你們要去哪裡玩呢？,TA-那裡 你們.主格 將-主焦-玩,TA-那裡 你們.主格 將-主焦-玩,"[""TA-那裡"",""你們.主格"",""將-主焦-玩""]",0.976,,
excluded_exact_repeat,75,a,103,sanal han tu nu mita tayza ci Panay-an.,sanal han tu nu mita tayza ci Panay-an.,sanal    han   tu     nu       mita               tayza    ci    Panay-an.,,AKIW_SZY_2012_EX_049A,我們上午再去Panay那裏。,上午 HAN TU 屬格 m-我們，屬格 去 斜格 人名-斜格,上午 HAN TU 屬格 m-我們.屬格 去 斜格 人名-斜格,"[""上午"",""HAN"",""TU"",""屬格"",""m-我們.屬格"",""去"",""斜格"",""人名-斜格""]",0.984,,Exact source-form repeat of example 049a; extracted text page 80; represented by AKIW_SZY_2012_EX_049A. This row's source translation and gloss remain in the ledger.
include,75,b,104,caay kanca ka-tayni anu-sanal mi-cudad.,caay kanca ka-tayni anu-sanal mi-cudad.,caay kanca    ka-tayni           anu-sanal         mi-cudad.,,,明天上午務必要來上課。,不要 不能不 輕微命令-來 下一個-上午 主焦-讀書,不要 不能不 輕微命令-來 下一個-上午 主焦-讀書,"[""不要"",""不能不"",""輕微命令-來"",""下一個-上午"",""主焦-讀書""]",0.986,,
include,76,a,105,ma-namuh kaku mu-kan tu buting.,ma-namuh kaku mu-kan tu buting.,ma-namuh      kaku           mu-kan                    tu             buting.,,,我喜歡吃魚。,受焦-喜歡 我.主格 主焦-吃 斜格 魚,受焦-喜歡 我.主格 主焦-吃 斜格 魚,"[""受焦-喜歡"",""我.主格"",""主焦-吃"",""斜格"",""魚""]",0.981,,
include,76,b,105,hali-buting ci ama nu maku.,hali-buting ci ama nu maku.,hali-buting    ci       ama   nu            maku.,,,我爸爸喜歡吃魚。,喜歡-魚 主格 父親 屬格 •m-我.屬格,喜歡-魚 主格 父親 屬格 m-我.屬格,"[""喜歡-魚"",""主格"",""父親"",""屬格"",""m-我.屬格""]",0.978,,
include,77,a,106,caay pahengad.,caay pahengad.,caay      pahengad.,,,不會欺騙。,不 欺騙,不 欺騙,"[""不"",""欺騙""]",0.960,,
include,77,b,106,hali-pahengad kiya wawa tiya ba-balaki.,hali-pahengad kiya wawa tiya ba-balaki.,hali-pahengad kiya         wawa    tiya   ba-balaki.,,,那個小孩很會欺騙老人。,喜歡-欺騙 那個 孩子 那個 重疊-長大,喜歡-欺騙 那個 孩子 那個 重疊-長大,"[""喜歡-欺騙"",""那個"",""孩子"",""那個"",""重疊-長大""]",0.986,,
include,78,a,107,ma-dihi tu ba-balaki kiya tayling.,ma-dihi tu ba-balaki kiya tayling.,ma-dihi               tu      ba-balaki        kiya    tayling.,,,那位警察關心老人。,主焦-可憐 斜格 重疊-長大 那 警察,主焦-可憐 斜格 重疊-長大 那 警察,"[""主焦-可憐"",""斜格"",""重疊-長大"",""那"",""警察""]",0.983,,
include,78,b,107,hina-dihi tu ba-balaki ci Kawpil.,hina-dihi tu ba-balaki ci Kawpil.,hina-dihi            tu       ba-balaki         ci       Kawpil.,,,Kawpil 對長輩很有愛心。,常常-可憐 斜格 重疊-長大 主格 人名,常常-可憐 斜格 重疊-長大 主格 人名,"[""常常-可憐"",""斜格"",""重疊-長大"",""主格"",""人名""]",0.982,,
include,79,a,108,angic sa kiya lutungay.,angic sa kiya lutungay.,angic          sa    kiya    lutungay.,,,小嬰兒哭不停。,哭 SA那嬰兒,哭 SA 那 嬰兒,"[""哭"",""SA"",""那"",""嬰兒""]",0.974,PDF page-image verified interlinear column alignment.,
include,79,b,109,kala-angic ku lutungay ma-nanam a ma-abibi.,kala-angic ku lutungay ma-nanam a ma-abibi.,kala-angic       ku          lutungay ma-nanam             a        ma-abibi.,,,嬰孩被抱習慣，一不抱就會愛哭。,常常-哭 主格 嬰兒 主焦-習慣 繫詞 受焦-抱,常常-哭 主格 嬰兒 主焦-習慣 繫詞 受焦-抱,"[""常常-哭"",""主格"",""嬰兒"",""主焦-習慣"",""繫詞"",""受焦-抱""]",0.987,,
include,80,a,110,limulak ku balucu' nu katuuday.,limulak ku balucu' nu katuuday.,limulak ku         balucu' nu          katuuday.,,,大家的心裡都高興。,高興 主格心 屬格 大家,高興 主格 心 屬格 大家,"[""高興"",""主格"",""心"",""屬格"",""大家""]",0.981,,
include,80,b,110,tada-limulak ku balucu' a ma-ka-azih i tamuwan-an.,tada-limulak ku balucu' a ma-ka-azih i tamuwan-an.,tada-limulak           ku balucu'         a     ma-ka-azih     i   tamuwan-an.,,,非常高興見到你們。,非常的-高興 主格心！ 繫詞 MA-KA-看 處所格 我們，斜格-AN,非常的-高興 主格 心 繫詞 MA-KA-看 處所格 我們.斜格-AN,"[""非常的-高興"",""主格"",""心"",""繫詞"",""MA-KA-看"",""處所格"",""我們.斜格-AN""]",0.989,PDF page-image verified interlinear column alignment.,
include,81,a,112,calenget ku ni-kalat-an nu atimela.,calenget ku ni-kalat-an nu atimela.,calenget          ku    ni-kalat-an               nu          atimela.,,,跳蚤咬的地方很癢。,癢 主格 處所格-咬-處所格屬格 跳蚤,癢 主格 處所格-咬-處所格 屬格 跳蚤,"[""癢"",""主格"",""處所格-咬-處所格"",""屬格"",""跳蚤""]",0.984,PDF page-image verified interlinear column alignment.,
include,81,b,112,tanu-atimela sa ku zikuc anu caay ka-baca.,tanu-atimela sa ku zikuc anu caay ka-baca.,tanu-atimela sa         ku         zikuc    anu        caay       ka-baca. tanu-             SA                                              KA-,,,如果不常洗衣服的話，就會到處都是跳蚤。,tanu-跳蚤 SA 主格衣服 如果沒有 KA-洗,tanu-跳蚤 SA 主格 衣服 如果 沒有 KA-洗,"[""tanu-跳蚤"",""SA"",""主格"",""衣服"",""如果"",""沒有"",""KA-洗""]",0.986,PDF page-image verified interlinear column alignment.,PDF page-image correction: removed appended interlinear gloss cells.
include,82,a,112,mulusu' ku tanang nay zais.,mulusu' ku tanang nay zais.,mulusu' ku                tanang        nay zais.,,,汗由額頭流下。,流下 主格 汗水 從額頭,流下 主格 汗水 從 額頭,"[""流下"",""主格"",""汗水"",""從"",""額頭""]",0.978,PDF page-image verified interlinear column alignment.,PDF page-image verified source-distinct unsegmented occurrence; retained under its own source ID. Its derived standard S tier intentionally matches segmented example 69a.
include,82,b,112,tanu-tanang sa ku maluk-ay.,tanu-tanang sa ku maluk-ay.,tanu- tanang       sa        ku       maluk-ay.,,,農夫汗流浹背。,很多-汗水 SA 主格 耕田-AY,很多-汗水 SA 主格 耕田-AY,"[""很多-汗水"",""SA"",""主格"",""耕田-AY""]",0.979,PDF page-image verified interlinear column alignment.,PDF page-image correction: removed appended interlinear gloss cells.
include,83,a,115,mi-acaw kaku tu sa-pi-liluc a nanum.,mi-acaw kaku tu sa-pi-liluc a nanum.,mi-acaw                kaku                tu       sa-pi-liluc            a         nanum.,,,我舀洗澡水。,主焦- 我.主格 斜格 工焦-洗澡 繫詞水,主焦-舀 我.主格 斜格 工焦-洗澡 繫詞 水,"[""主焦-舀"",""我.主格"",""斜格"",""工焦-洗澡"",""繫詞"",""水""]",0.984,PDF page-image verified interlinear column alignment.,
include,83,b,115,a-mi-acaw ci Kacaw tu la-liluc-an a nanum.,a-mi-acaw ci Kacaw tu la-liluc-an a nanum.,a-mi-acaw              ci            Kacaw tu           la-liluc-an               a        nanum.,,,Kacaw 將要把洗澡水舀掉。,即將-主焦- 主格人名 斜格 重疊-洗澡-處焦 繫詞 水,即將-主焦-舀 主格 人名 斜格 重疊-洗澡-處焦 繫詞 水,"[""即將-主焦-舀"",""主格"",""人名"",""斜格"",""重疊-洗澡-處焦"",""繫詞"",""水""]",0.986,PDF page-image verified interlinear column alignment.,
excluded_ungrammatical,83,c,115,mi-a-acaw ci Kacaw tu lalilucan a nanum.,mi-a-acaw ci Kacaw tu lalilucan a nanum.,* mi-a-acaw ci Kacaw tu lalilucan a nanum. 82,* (ungrammatical),,,,,[],,Source provides no aligned translation or gloss for this judged example; nearby prose is intentionally not attached.,Source-starred example excluded under POL-016; page-image verified.
include,84,a,115,nu Tuingay a lupas kuyni.,nu Tuingay a lupas kuyni.,nu          Tuingay              a          lupas              kuyni.,,,這是桃園產的桃子。,屬格 桃園 繫詞 桃子 這個,屬格 桃園 繫詞 桃子 這個,"[""屬格"",""桃園"",""繫詞"",""桃子"",""這個""]",0.976,,
include,84,b,115,ta-umah kaku mi-lupas.,ta-umah kaku mi-lupas.,ta-umah               kaku                mi-lupas.,,,我去田裡採桃子。,TA-田 我.主格 主焦-桃子,TA-田 我.主格 主焦-桃子,"[""TA-田"",""我.主格"",""主焦-桃子""]",0.974,,
include,84,c,115,a-mi-lupas tu ni-paluma-an nu maku.,a-mi-lupas tu ni-paluma-an nu maku.,a-mi-lupas                     tu           ni-paluma-an                   nu         maku.,,,我將要採收我種植的水蜜桃。,即將-主焦-桃子 斜格 NI-種植-處焦 屬格 m-我.屬格,即將-主焦-桃子 斜格 NI-種植-處焦 屬格 m-我.屬格,"[""即將-主焦-桃子"",""斜格"",""NI-種植-處焦"",""屬格"",""m-我.屬格""]",0.984,PDF page-image correction: 採收 restored from OCR 探收.,
excluded_ungrammatical,84,d,115,mi-a-lupas tu nipalumaan nu maku.,mi-a-lupas tu nipalumaan nu maku.,* mi-a-lupas tu nipalumaan nu maku.,* (ungrammatical),,,,,[],,Source provides no aligned translation or gloss for this judged example; nearby prose is intentionally not attached.,Source-starred example excluded under POL-016; page-image verified.
include,85,a,116,si-takini' ku subuk ni baki.,si-takini' ku subuk ni baki.,si-takini'           ku        subuk ni               baki.,,,叔叔的背袋裡有小刀。,有-小刀 主格 背袋 屬格 叔叔,有-小刀 主格 背袋 屬格 叔叔,"[""有-小刀"",""主格"",""背袋"",""屬格"",""叔叔""]",0.979,,
include,85,b,116,si-subuk ku ba-balaki tayza i buyu' mi-dungec.,si-subuk ku ba-balaki tayza i buyu' mi-dungec.,si-subuk       ku         ba-balaki           tayza         i          buyu'   mi-dungec.,,,老人背背袋上山採藤心。,帶-背袋 主格 重疊-長大 去 處所格 山上 主焦-藤心,帶-背袋 主格 重疊-長大 去 處所格 山上 主焦-藤心,"[""帶-背袋"",""主格"",""重疊-長大"",""去"",""處所格"",""山上"",""主焦-藤心""]",0.974,,
include,85,c,116,a-mi-dang ta-cuwa sa ka-si-subuk tu!,a-mi-dang ta-cuwa sa ka-si-subuk tu!,a-mi-dang              ta-cuwa         sa         ka-si-subuk                  tu!,,,出外遊玩需要攜帶背包！,即將-主焦-玩 去哪裡 SA 輕微命令-攜帶-背袋 TU,即將-主焦-玩 去-哪裡 SA 輕微命令-攜帶-背袋 TU,"[""即將-主焦-玩"",""去-哪裡"",""SA"",""輕微命令-攜帶-背袋"",""TU""]",0.984,PDF page-image verified interlinear column alignment.,
excluded_ungrammatical,85,d,116,amidang tacuwa sa ka-subuk tu!,amidang tacuwa sa ka-subuk tu!,* amidang tacuwa sa ka-subuk tu!,* (ungrammatical),,,,,[],,Source provides no aligned translation or gloss for this judged example; nearby prose is intentionally not attached.,Source-starred example excluded under POL-016; page-image verified.
include,86,a,117,amana paceba pa-caliw tu mibunsiw i tau.,amana paceba pa-caliw tu mibunsiw i tau.,amana paceba pa-caliw                 tu         mibunsiw           i               tau.,,,請勿隨便借身分證給別人使用！,不要 隨便 使役-借 斜格 身分證 處所格 別人,不要 隨便 使役-借 斜格 身分證 處所格 別人,"[""不要"",""隨便"",""使役-借"",""斜格"",""身分證"",""處所格"",""別人""]",0.985,,
include,86,b,117,ma-caliw ni Kacaw ku batikal nu maku.,ma-caliw ni Kacaw ku batikal nu maku.,ma-caliw         ni          Kacaw         ku            batikal        nu              maku.,,,我的腳踏車被Kacaw 借去用了。,受焦-借 屬格人名 主格 腳踏車 屬格 m-我屬格,受焦-借 屬格 人名 主格 腳踏車 屬格 m-我.屬格,"[""受焦-借"",""屬格"",""人名"",""主格"",""腳踏車"",""屬格"",""m-我.屬格""]",0.984,PDF page-image verified interlinear column alignment.,
include,86,c,117,ma-pa-caliw ni bayi ci baki tu umah.,ma-pa-caliw ni bayi ci baki tu umah.,ma-pa-caliw            ni           bayi ci               baki           tu              umah.,,,阿嬤的地被阿公借用了。,受焦-PA-借屬格 阿嬤 主格 阿公 斜格 土地,受焦-PA-借 屬格 阿嬤 主格 阿公 斜格 土地,"[""受焦-PA-借"",""屬格"",""阿嬤"",""主格"",""阿公"",""斜格"",""土地""]",0.966,,
excluded_ungrammatical,86,d,117,pa-ma-caliw ni bayi ci baki tu umah.,pa-ma-caliw ni bayi ci baki tu umah.,* pa-ma-caliw ni bayi ci baki tu umah.,* (ungrammatical),,,,,[],,Source provides no aligned translation or gloss for this judged example; nearby prose is intentionally not attached.,Source-starred example excluded under POL-016; page-image verified.
excluded_expert_review,87,a,118,pa-dama kaku tu ma-liyuh-ay pa-batikal a wawa.,pa-dama kaku tu ma-liyuh-ay pa-batikal a wawa.,pa-dama          kaku              tu        ma-liyuh-ay    pa-batikal a                 wawa.,,,我幫忙扶著不會騎單車的小孩。,使役-扶 我.主格 斜格 MA-不會-AY 騎-單車 繫詞 小孩,使役-扶 我.主格 斜格 MA-不會-AY 騎-單車 繫詞 小孩,"[""使役-扶"",""我.主格"",""斜格"",""MA-不會-AY"",""騎-單車"",""繫詞"",""小孩""]",0.987,,Removed as ungrammatical during expert XML review on 2026-08-14.
include,87,b,118,mi-dama kaku tu ma-lilil-ay a ba-balaki.,mi-dama kaku tu ma-lilil-ay a ba-balaki.,mi-dama                kaku             tu      ma-lilil-ay            a           ba-balaki.,,,我去幫忙扶著走路不穩的老人。,主焦-扶 ：我.主格 斜格 MA-LILIL-AY 繫詞 重疊-長大,主焦-扶 我.主格 斜格 MA-LILIL-AY 繫詞 重疊-長大,"[""主焦-扶"",""我.主格"",""斜格"",""MA-LILIL-AY"",""繫詞"",""重疊-長大""]",0.986,,
include,87,c,118,tayza kaku mi-pa-dama tu baeket-ay a ni-muku niza.,tayza kaku mi-pa-dama tu baeket-ay a ni-muku niza.,tayza        kaku mi-pa-dama                    tu    baeket-ay a                 ni-muku          niza.,,,我去幫他搬重物。,去我主格 主焦-使役-扶 受格 重-AY 繫詞 NI-扛他.屬格,去 我.主格 主焦-使役-扶 受格 重-AY 繫詞 NI-扛 他.屬格,"[""去"",""我.主格"",""主焦-使役-扶"",""受格"",""重-AY"",""繫詞"",""NI-扛"",""他.屬格""]",0.965,PDF page-image verified interlinear column alignment.,
excluded_ungrammatical,87,d,118,tayza kaku pa-mi-dama tu baeketay a nimuku niza.,tayza kaku pa-mi-dama tu baeketay a nimuku niza.,* tayza kaku pa-mi-dama tu baeketay a nimuku niza.,* (ungrammatical),,,,,[],,Source provides no aligned translation or gloss for this judged example; nearby prose is intentionally not attached.,Source-starred example excluded under POL-016; page-image verified.
excluded_exact_repeat,88,a,119,cacay ku luma' i buyu' ni Panay.,cacay ku luma' i buyu' ni Panay.,cacay         ku          luma' i           buyu' ni                  Panay.,,AKIW_SZY_2012_EX_027A,Panay 在山上只有一間房屋。,主格 房子 處所格 山上 屬格 人名,一 主格 房子 處所格 山上 屬格 人名,"[""一"",""主格"",""房子"",""處所格"",""山上"",""屬格"",""人名""]",0.980,PDF page-image verified interlinear column alignment.,Exact source-form repeat of example 027a; extracted text page 61; represented by AKIW_SZY_2012_EX_027A. This row's source translation and gloss remain in the ledger.
excluded_exact_repeat,88,b,119,la-cacay ku ni-zateng nu mita.,la-cacay ku ni-zateng nu mita.,la-cacay            ku          ni-zateng nu            mita.,,AKIW_SZY_2012_EX_027B,我們的理念一致。,變成-一 主格 NI-想 屬格 m-我們.屬格,變成-一 主格 NI-想 屬格 m-我們.屬格,"[""變成-一"",""主格"",""NI-想"",""屬格"",""m-我們.屬格""]",1.000,,Exact source-form repeat of example 027b; extracted text page 61; represented by AKIW_SZY_2012_EX_027B. This row's source translation and gloss remain in the ledger.
include,88,c,119,ma-la-cacay ku niyazu'-ay nu heni.,ma-la-cacay ku niyazu'-ay nu heni.,ma-la-cacay          ku         niyazu'-ay         nu     heni.,,,他們的部落很團結。,主焦-變成-一 主格 部落-AY 屬格 他們.屬格,主焦-變成-一 主格 部落-AY 屬格 他們.屬格,"[""主焦-變成-一"",""主格"",""部落-AY"",""屬格"",""他們.屬格""]",0.983,,
excluded_ungrammatical,88,d,119,la-ma-cacay ku niyazu'ay nu heni.,la-ma-cacay ku niyazu'ay nu heni.,* la-ma-cacay ku niyazu'ay nu heni.,* (ungrammatical),,,,,[],,Source provides no aligned translation or gloss for this judged example; nearby prose is intentionally not attached.,Source-starred example excluded under POL-016; page-image verified.
include,89,a,120,mi-kidem tu katalalan ci Bunuk.,mi-kidem tu katalalan ci Bunuk.,mi-kidem           tu         katalalan          ci            Bunuk.,,,Bunuk 偷牛。,主焦-偷 科格 牛 主格人名,主焦-偷 斜格 牛 主格 人名,"[""主焦-偷"",""斜格"",""牛"",""主格"",""人名""]",1.000,,
include,89,b,120,na-mi-kidem ci Taymu tu nani'.,na-mi-kidem ci Taymu tu nani'.,na-mi-kidem         ci              Taymu             tu            nani'.,,,Taymu 曾經偷過貓。,會經-主焦-偷 主格 人名 斜格 貓,會經-主焦-偷 主格 人名 斜格 貓,"[""會經-主焦-偷"",""主格"",""人名"",""斜格"",""貓""]",0.980,,
excluded_ungrammatical,89,c,120,mi-na-kidem ci Taymu tu nani'.,mi-na-kidem ci Taymu tu nani'.,* mi-na-kidem ci Taymu tu nani'.,* (ungrammatical),,,,,[],,Source provides no aligned translation or gloss for this judged example; nearby prose is intentionally not attached.,Source-starred example excluded under POL-016; page-image verified.
excluded_expert_review,90,a,120,lahuk han tu.,lahuk han tu.,lahuk        han              tu.,,,吃午餐吧。,午餐 HAN TU,午餐 HAN TU,"[""午餐"",""HAN"",""TU""]",0.857,,Removed as ungrammatical during expert XML review on 2026-08-14.
include,90,b,120,pi-awaw-i kisu ci inaan a ma-lahuk!,pi-awaw-i kisu ci inaan a ma-lahuk!,pi-awaw-i              kisu              ci              inaan              a         ma-lahuk!,,,你去叫媽媽來吃中餐！,使役-叫-新使 你.主格 斜格 媽媽-斜格 繫詞 主焦-午餐,使役-叫-新使 你.主格 斜格 媽媽-斜格 繫詞 主焦-午餐,"[""使役-叫-新使"",""你.主格"",""斜格"",""媽媽-斜格"",""繫詞"",""主焦-午餐""]",0.983,,
include,90,c,120,na-ma-lahuk tu kami i ci Sabak-an.,na-ma-lahuk tu kami i ci Sabak-an.,na-ma-lahuk              tu         kami                   i             ci     Sabak-an.,,,我們在Sabak家已吃過早餐。,會經-主焦-午餐 已經 我們.主格 處所格 斜格 人名-斜格,會經-主焦-午餐 已經 我們.主格 處所格 斜格 人名-斜格,"[""會經-主焦-午餐"",""已經"",""我們.主格"",""處所格"",""斜格"",""人名-斜格""]",0.982,,
excluded_ungrammatical,90,d,120,ma-na-lahuk tu kami i ci Sabakan.,ma-na-lahuk tu kami i ci Sabakan.,* ma-na-lahuk tu kami i ci Sabakan.,* (ungrammatical),,,,,[],,Source provides no aligned translation or gloss for this judged example; nearby prose is intentionally not attached.,Source-starred example excluded under POL-016; page-image verified.
include,91,a,121,yadah ku sa-pi-sulit nu maku.,yadah ku sa-pi-sulit nu maku.,yadah           ku             sa-pi-sulit              nu         maku.,,,我有很多鉛筆。,很多 主格 工焦-寫 闓格 m-我.齏格,很多 主格 工焦-寫 屬格 m-我.屬格,"[""很多"",""主格"",""工焦-寫"",""屬格"",""m-我.屬格""]",0.980,,
include,91,b,121,sasait ku sa-pi-ketun tu calaped.,sasait ku sa-pi-ketun tu calaped.,sasait                   ku       sa-pi-ketun           tu              calaped.,,,長褲是用剪刀剪的。,剪刀 主格 工焦-剪 斜格 褲子,剪刀 主格 工焦-剪 斜格 褲子,"[""剪刀"",""主格"",""工焦-剪"",""斜格"",""褲子""]",0.982,,
include,91,c,121,pi-tais tu ma-lepi'-ay a pawti.,pi-tais tu ma-lepi'-ay a pawti.,pi-tais             tu            ma-lepi'-ay                 a                  pawti.,,,去縫破掉的麻袋。,使役-縫 斜格 受焦-撕破-AY 檕詞 麻袋,使役-縫 斜格 受焦-撕破-AY 繫詞 麻袋,"[""使役-縫"",""斜格"",""受焦-撕破-AY"",""繫詞"",""麻袋""]",0.962,,
include,91,d,121,u mising ku sa-pi-tais tu ma-lepi'-ay a zikuc.,u mising ku sa-pi-tais tu ma-lepi'-ay a zikuc.,u                   mising       ku sa-pi-tais           tu         ma-lepi’-ay             a         zikuc.,,,用縫紉機縫補受損的衣服。,普名標記縫紉機 主格 SA-使役-縫 斜格 受焦-撕破-AY 繫詞 衣服,普名標記 縫紉機 主格 SA-使役-縫 斜格 受焦-撕破-AY 繫詞 衣服,"[""普名標記"",""縫紉機"",""主格"",""SA-使役-縫"",""斜格"",""受焦-撕破-AY"",""繫詞"",""衣服""]",0.987,,
excluded_ungrammatical,91,e,121,u mising ku pi-sa-tais tu malepiay a zikuc.,u mising ku pi-sa-tais tu malepiay a zikuc.,* u mising ku pi-sa-tais tu malepiay a zikuc.,* (ungrammatical),,,,,[],,Source provides no aligned translation or gloss for this judged example; nearby prose is intentionally not attached.,Source-starred example excluded under POL-016; page-image verified.
include,92,a,124,ayaw nu sa-upu mu-tizeng ku ka-tuud-ay.,ayaw nu sa-upu mu-tizeng ku ka-tuud-ay.,ayaw       nu          sa-upu mu-tizeng                   ku         ka-tuud-ay.,,,大家在開會前先起立。,先 屬格 SA-堆 主焦-站立 主格 KA-東西-AY,先 屬格 SA-堆 主焦-站立 主格 KA-東西-AY,"[""先"",""屬格"",""SA-堆"",""主焦-站立"",""主格"",""KA-東西-AY""]",0.985,,
include,92,b,124,tizeng-a kisu a pa-pelu i nu-ayaw-an nu ka-tuud-ay.,tizeng-a kisu a pa-pelu i nu-ayaw-an nu ka-tuud-ay.,tizeng-a        kisu         a                 pa-pelu          i     nu-ayaw-an nu         ka-tuud-ay.,,,請站在大眾前演說。,屬格 KA-東西-AY,站-勸使 你.主格 繫詞 PA-演說 處所格 過去-先-處焦 屬格 KA-東西-AY,"[""站-勸使"",""你.主格"",""繫詞"",""PA-演說"",""處所格"",""過去-先-處焦"",""屬格"",""KA-東西-AY""]",0.925,PDF page-image verified interlinear column alignment.,
include,93,a,126,u sa-sa-epah-en ku heci nu adidem.,u sa-sa-epah-en ku heci nu adidem.,u                  sa-sa-epah-en              ku            heci        nu      adidem.,,,把桑葚釀成米酒。,普名標記 SA-SA-酒-受焦 主格 果實 屬格 桑樹,普名標記 SA-SA-酒-受焦 主格 果實 屬格 桑樹,"[""普名標記"",""SA-SA-酒-受焦"",""主格"",""果實"",""屬格"",""桑樹""]",1.000,PDF page-image correction: 桑葚 restored from OCR 桑甚.,
include,93,b,126,adidem-an ku nu-ayaw-an nu luma' niyam.,adidem-an ku nu-ayaw-an nu luma' niyam.,adidem-an               ku          nu-ayaw-an           nu           luma'         niyam.,,,我家前面是桑樹園。,桑樹-處焦 主格 過去-先-處焦 屬格 家 我們.靥格,桑樹-處焦 主格 過去-先-處焦 屬格 家 我們.屬格,"[""桑樹-處焦"",""主格"",""過去-先-處焦"",""屬格"",""家"",""我們.屬格""]",0.985,,
excluded_exact_repeat,94,a,126,paluma kaku tu paza' i nu zikuz-an nu luma'.,paluma kaku tu paza' i nu zikuz-an nu luma'.,paluma kaku                         tu       paza'      i          nu          zikuz-an nu             luma'.,,AKIW_SZY_2012_EX_021A,我在我家後院種香蕉。,屬格家,種 我.主格 斜格 香蕉 處所格 屬格 後面-處焦 屬格 家,"[""種"",""我.主格"",""斜格"",""香蕉"",""處所格"",""屬格"",""後面-處焦"",""屬格"",""家""]",0.958,PDF page-image verified interlinear column alignment.,Exact source-form repeat of example 021a; extracted text page 53; represented by AKIW_SZY_2012_EX_021A. This row's source translation and gloss remain in the ledger.
include,94,b,126,paluma-an ni Taymu ku umah ni Benel tu kalitang,paluma-an ni Taymu ku umah ni Benel tu kalitang,paluma-an               ni          Taymu         ku    umah           ni      Benel tu                 kalitang,,,Benel的地是Taymu所種花生的地方,斜格 花生,種-處焦 屬格 人名 主格 田 屬格 人名 斜格 花生,"[""種-處焦"",""屬格"",""人名"",""主格"",""田"",""屬格"",""人名"",""斜格"",""花生""]",0.962,PDF page-image correction: removed a footnote-marker OCR artifact. PDF page-image verified interlinear column alignment.,
include,95,a,128,kapah a azih-en ku laway nina limecedan.,kapah a azih-en ku laway nina limecedan.,kapah          a         azih-en        ku          laway         nina      limecedan.,,,這位小姐的嘴型看起來很美。,好 繫詞 看-受焦 主格嘴 這個 小姐,好 繫詞 看-受焦 主格 嘴 這個 小姐,"[""好"",""繫詞"",""看-受焦"",""主格"",""嘴"",""這個"",""小姐""]",0.985,,
include,95,b,128,ni-azih-an tu nu maku kina cudad.,ni-azih-an tu nu maku kina cudad.,ni-azih-an                tu             nu           maku                 kina   cudad.,,,我讀過這本書了。,NI-看-處焦 完成貌 屬格 m-我.主格 這個書,NI-看-處焦 完成貌 屬格 m-我.主格 這個 書,"[""NI-看-處焦"",""完成貌"",""屬格"",""m-我.主格"",""這個"",""書""]",0.982,PDF page-image verified interlinear column alignment.,
include,96,a,128,amana kan tu sa-walak ma-apiyan-a.,amana kan tu sa-walak ma-apiyan-a.,amana          kan        tu        sa-walak           ma-apiyan-a.,,,不要吃毒品否則會上癮。,不要 吃 斜格 SA-毒 MA-鴉片-勸使,不要 吃 斜格 SA-毒 MA-鴉片-勸使,"[""不要"",""吃"",""斜格"",""SA-毒"",""MA-鴉片-勸使""]",0.983,,
include,96,b,128,kan-an nu nani' kiya buting.,kan-an nu nani' kiya buting.,kan-an              nu           nani'        kiya      buting.,,,魚被貓吃了。,種-處焦 屬格 貓 那個魚,種-處焦 屬格 貓 那個 魚,"[""種-處焦"",""屬格"",""貓"",""那個"",""魚""]",0.936,PDF page-image verified interlinear column alignment.,
include,97,a,129,mi-tais ci ina tu zikuc nu maku.,mi-tais ci ina tu zikuc nu maku.,mi-tais ci                   ina      tu        zikuc nu        maku.,,,媽媽在縫製我的衣服。,主焦-縫主格媽媽 斜格 衣服 屬格 m-我.屬格,主焦-縫 主格 媽媽 斜格 衣服 屬格 m-我.屬格,"[""主焦-縫"",""主格"",""媽媽"",""斜格"",""衣服"",""屬格"",""m-我.屬格""]",0.980,PDF page-image verified interlinear column alignment.,
include,97,b,129,pazeng-en i ci ina-an ku kalisiw.,pazeng-en i ci ina-an ku kalisiw.,pazeng-en                    i             ci     ina-an             ku     kalisiw.,,,把錢放在媽媽那裡。,放-新使 處所格 斜格 媽媽-斜格 主格 錢,放-新使 處所格 斜格 媽媽-斜格 主格 錢,"[""放-新使"",""處所格"",""斜格"",""媽媽-斜格"",""主格"",""錢""]",0.982,,
include,98,a,129,acawa ni Panay ci Kacaw.,acawa ni Panay ci Kacaw.,acawa               ni       Panay          ci            Kacaw.,,,Kacaw是Panay的丈夫。,丈夫 屬格人名 主格 人名,丈夫 屬格 人名 主格 人名,"[""丈夫"",""屬格"",""人名"",""主格"",""人名""]",0.974,,
include,98,b,129,si-balucu' kaku ci Panay-an.,si-balucu' kaku ci Panay-an.,si-balucu' kaku                       ci          Panay-an.,,,我屬意Panay。,SI-心 我主格 斜格 人名-斜格,SI-心 我.主格 斜格 人名-斜格,"[""SI-心"",""我.主格"",""斜格"",""人名-斜格""]",0.980,,
include,99,a,130,kapah ku demiad i sadingsing.,kapah ku demiad i sadingsing.,kapah            ku         demiad              i                 sadingsing.,,,春天的天氣很好。,好 主格 日子 處所格 春天,好 主格 日子 處所格 春天,"[""好"",""主格"",""日子"",""處所格"",""春天""]",0.980,,
include,99,b,130,mu-celak ku balu nu kilang i sadingsing-an.,mu-celak ku balu nu kilang i sadingsing-an.,mu-celak              ku        balu          nu           kilang              i         sadingsing-an.,,,樹在春天開花。,主焦-開 主格 花 屬格 樹 處所格 春天-處焦,主焦-開 主格 花 屬格 樹 處所格 春天-處焦,"[""主焦-開"",""主格"",""花"",""屬格"",""樹"",""處所格"",""春天-處焦""]",1.000,,
include,100,a,130,pay-sananal mi-yatayat tu uzip kaku.,pay-sananal mi-yatayat tu uzip kaku.,pay-sananal                    mi-yatayat                   tu       uzip                    kaku.,,,我每天清晨運動。,PAY-清 主焦-運動 斜格 身體我.主格,PAY-清 主焦-運動 斜格 身體 我.主格,"[""PAY-清"",""主焦-運動"",""斜格"",""身體"",""我.主格""]",0.984,,
include,100,b,130,ma-taba-tabal kaku mu-lekal tu sananal-an.,ma-taba-tabal kaku mu-lekal tu sananal-an.,ma-taba-tabal               kaku              mu-lekal                tu           sananal-an.,,,我都在清晨時刻起床。,MA-重疊-早 • 我主格 主焦-起床 斜格 清晨-處焦,MA-重疊-早 我.主格 主焦-起床 斜格 清晨-處焦,"[""MA-重疊-早"",""我.主格"",""主焦-起床"",""斜格"",""清晨-處焦""]",0.987,PDF page-image verified interlinear column alignment.,
include,101,a,132,bangbang sa ku lamal ni Tubah.,bangbang sa ku lamal ni Tubah.,bangbang      sa          ku           lamal     ni          Tubah.,,,Tubah的火自然就燒旺。,燒 SA 主格火 屬格 人名,燒 SA 主格 火 屬格 人名,"[""燒"",""SA"",""主格"",""火"",""屬格"",""人名""]",0.980,,
include,101,b,132,bangbang-aw nu mita ku wawa pa-pi-cudad.,bangbang-aw nu mita ku wawa pa-pi-cudad.,bangbang-aw         nu           mita             ku          wawa         pa-pi-cudad.,,,要多鼓勵我們的小孩讀書。,鼓勵-勸使 屬格 m-我們.屬格 主格 孩子 PA-PI-書,鼓勵-勸使 屬格 m-我們.屬格 主格 孩子 PA-PI-書,"[""鼓勵-勸使"",""屬格"",""m-我們.屬格"",""主格"",""孩子"",""PA-PI-書""]",0.986,,
include,102,a,132,caay ka-namuh kaku tuyni a pi-sa-ka-kawaw-an.,caay ka-namuh kaku tuyni a pi-sa-ka-kawaw-an.,caay ka-namuh             kaku         tuyni     a          pi-sa-ka-kawaw-an.,,,我不喜歡這裡的工作性質。,不 KA-喜歡 我.主格 這裡 繫詞 PI-SA-重疊-工作-處焦,不 KA-喜歡 我.主格 這裡 繫詞 PI-SA-重疊-工作-處焦,"[""不"",""KA-喜歡"",""我.主格"",""這裡"",""繫詞"",""PI-SA-重疊-工作-處焦""]",0.987,,
include,102,b,132,namuh-aw nu mita kiya ba-balaki!,namuh-aw nu mita kiya ba-balaki!,namuh-aw            nu          mita                 kiya       ba-balaki!,,,我們要孝敬長輩！,喜歡-aw 屬格 m-我們，屬格那個 重疊-長大,喜歡-aw 屬格 m-我們.屬格 那個 重疊-長大,"[""喜歡-aw"",""屬格"",""m-我們.屬格"",""那個"",""重疊-長大""]",0.982,PDF page-image verified interlinear column alignment.,
include,103,a,133,Bunuk pi-iyot kisu tu naba.,Bunuk pi-iyot kisu tu naba.,Bunuk pi-iyot           kisu     tu       naba.,,,Bunuk 你去做木臼！,人名 使役-雕刻 你 斜格 木臼,人名 使役-雕刻 你 斜格 木臼,"[""人名"",""使役-雕刻"",""你"",""斜格"",""木臼""]",0.978,,
include,103,b,133,Bunuk-aw tais-en ku calaped nu maku.,Bunuk-aw tais-en ku calaped nu maku.,Bunuk-aw         tais-en       ku           calaped   nu         maku.,,,Bunuk啊！去縫我的褲子。,人名-aw 縫-使役 主格 褲子 屬格 m-我.屬格,人名-aw 縫-使役 主格 褲子 屬格 m-我.屬格,"[""人名-aw"",""縫-使役"",""主格"",""褲子"",""屬格"",""m-我.屬格""]",0.951,,
excluded_exact_repeat,104,a,134,maluk kaku tu lutuk nu kalitang.,maluk kaku tu lutuk nu kalitang.,maluk kaku                 tu     lutuk       nu       kalitang.,,AKIW_SZY_2012_EX_002,我在除花生園的雜草。,除草 我-主格 斜格 草 屬格 花生,除草 我-主格 斜格 草 屬格 花生,"[""除草"",""我-主格"",""斜格"",""草"",""屬格"",""花生""]",0.981,,Exact source-form repeat of example 002; extracted text page 33; represented by AKIW_SZY_2012_EX_002. This row's source translation and gloss remain in the ledger.
include,104,b,134,u maluk-ay kami.,u maluk-ay kami.,u           maluk-ay             kami.,,,我們是務農的人。,普名標記 耕田-ay 我們.主格,普名標記 耕田-ay 我們.主格,"[""普名標記"",""耕田-ay"",""我們.主格""]",0.963,,
include,105,a,135,mahinac kaku a mi-buting.,mahinac kaku a mi-buting.,mahinac             kaku       a             mi-buting.,,,我每次都捕不到魚。,一無所獲 我-主格 繫詞 主焦-魚,一無所獲 我-主格 繫詞 主焦-魚,"[""一無所獲"",""我-主格"",""繫詞"",""主焦-魚""]",0.977,PDF page-image correction: 捕 restored from OCR 補.,
include,105,b,135,angelis ku zikuc nu mi-buting-ay.,angelis ku zikuc nu mi-buting-ay.,angelis        ku          zikuc        nu        mi-buting-ay.,,,在漁夫的衣服有很重的魚腥味。,魚腥味 主格 衣服 屬格 MI-魚-AY,魚腥味 主格 衣服 屬格 MI-魚-AY,"[""魚腥味"",""主格"",""衣服"",""屬格"",""MI-魚-AY""]",0.947,,
include,106,a,136,cacay ku luma' i buyu' sa aniwiw.,cacay ku luma' i buyu' sa aniwiw.,cacay ku          luma' i             buyu'     sa         aniwiw.,,,獨居在山上很孤寂。,一個 主格 家 處所格 山上 SA 寂寞,一個 主格 家 處所格 山上 SA 寂寞,"[""一個"",""主格"",""家"",""處所格"",""山上"",""SA"",""寂寞""]",0.981,,
include,106,b,136,enem-ay ku tuki mu-lekal kita.,enem-ay ku tuki mu-lekal kita.,enem-ay           ku     tuki     mu-lekal              kita.,,,我們六點鐘起床。,六-ay 主格 時鐘 主焦-起床 我們.主格,六-ay 主格 時鐘 主焦-起床 我們.主格,"[""六-ay"",""主格"",""時鐘"",""主焦-起床"",""我們.主格""]",0.980,,
include,106,c,136,ma-benel ku sepat-ay atu lima-ay a puu' nu miheca-an.,ma-benel ku sepat-ay atu lima-ay a puu' nu miheca-an.,ma-benel ku            sepat-ay atu           lima-ay       a        puu' nu          miheca-an.,,,每年四五月份是梅雨季節。,麠格 年-an,MA-梅雨 主格 四-AY 連接詞 耕田-AY 繫詞 竹節 屬格 年-AN,"[""MA-梅雨"",""主格"",""四-AY"",""連接詞"",""耕田-AY"",""繫詞"",""竹節"",""屬格"",""年-AN""]",0.898,PDF page-image verified interlinear column alignment.,
include,107,a,137,pa-baliw ci ina nu maku tu ni-ka-tanektek nu maku.,pa-baliw ci ina nu maku tu ni-ka-tanektek nu maku.,pa-baliw         ci          ina     nu             maku             tu ni-ka-tanektek nu                 maku.,,,我的母親懷疑我的健康。,NI-KA-健康 屬格 m-我.屬格,使役-懷疑 主格 媽媽 屬格 m-我.屬格 斜格 NI-KA-健康 屬格 m-我.屬格,"[""使役-懷疑"",""主格"",""媽媽"",""屬格"",""m-我.屬格"",""斜格"",""NI-KA-健康"",""屬格"",""m-我.屬格""]",0.953,PDF page-image verified interlinear column alignment.,
include,107,b,137,pa-baliw-ay tu na-ka-kawaw ciniza.,pa-baliw-ay tu na-ka-kawaw ciniza.,pa-baliw-ay             tu         na-ka-kawaw                 ciniza.,,,使他懷疑的是這件事。,使役-懷疑-AY 斜格 NA-重疊-事情 他.主格,使役-懷疑-AY 斜格 NA-重疊-事情 他.主格,"[""使役-懷疑-AY"",""斜格"",""NA-重疊-事情"",""他.主格""]",0.984,,
include,108,a,137,pi-tabukud-an nu tatama ku bayu.,pi-tabukud-an nu tatama ku bayu.,pi-tabukud-an                nu      tatama          ku          bayu.,,,海是男人撒網的地方。,PI-撒網-處焦 屬格 男人 主格 海,PI-撒網-處焦 屬格 男人 主格 海,"[""PI-撒網-處焦"",""屬格"",""男人"",""主格"",""海""]",0.982,,
include,108,b,138,akik-en kiya nu bayu-ay a buting!,akik-en kiya nu bayu-ay a buting!,akik-en             kiya nu         bayu-ay           a      buting!,,,去烤鹹水魚！,,烤-使役 那個 屬格 海-AY 繫詞 魚,"[""烤-使役"",""那個"",""屬格"",""海-AY"",""繫詞"",""魚""]",0.982,PDF page-image verified interlinear column alignment.,
include,109,a,138,pu'nel kaku kiyu ci Mues han kaku.,pu'nel kaku kiyu ci Mues han kaku.,pu'nel kaku               kiyu        ci         Mues        han       kaku.,,,我長得矮所以叫 Mues。,矮 我-主格 所以 主格人名 稱謂 我.主格,矮 我-主格 所以 主格 人名 稱謂 我.主格,"[""矮"",""我-主格"",""所以"",""主格"",""人名"",""稱謂"",""我.主格""]",0.963,,
include,109,b,138,ala-en kiya pu'nel-ay a elun i luma'.,ala-en kiya pu'nel-ay a elun i luma'.,ala-en             kiya   pu'nel-ay         a         elun         i         luma'.,,,到家去拿矮凳子。,拿-使役 那個 矮-AY 繫詞 椅子 處所格 家,拿-使役 那個 矮-AY 繫詞 椅子 處所格 家,"[""拿-使役"",""那個"",""矮-AY"",""繫詞"",""椅子"",""處所格"",""家""]",0.915,,
excluded_exact_repeat,110,a,139,mi-tais ci ina tu zikuc nu maku.,mi-tais ci ina tu zikuc nu maku.,mi-tais        ci        ina        tu      zikuc       nu          maku.,,AKIW_SZY_2012_EX_097A,媽媽在縫製我的衣服。,主焦-縫 主格 媽媽 斜格 衣服 屬格 m-我.屬格,主焦-縫 主格 媽媽 斜格 衣服 屬格 m-我.屬格,"[""主焦-縫"",""主格"",""媽媽"",""斜格"",""衣服"",""屬格"",""m-我.屬格""]",0.980,,Exact source-form repeat of example 097a; extracted text page 129; represented by AKIW_SZY_2012_EX_097A. This row's source translation and gloss remain in the ledger.
excluded_exact_repeat,110,b,139,Bunuk-aw tais-en ku calaped nu maku.,Bunuk-aw tais-en ku calaped nu maku.,Bunuk-aw            tais-en      ku             calaped      nu        maku.,,AKIW_SZY_2012_EX_103B,Bunuk啊！去縫我的褲子。,人名-aw 縫-使役 主格 褲子 屬格 m-我，蟨格,人名-aw 縫-使役 主格 褲子 屬格 m-我.屬格,"[""人名-aw"",""縫-使役"",""主格"",""褲子"",""屬格"",""m-我.屬格""]",0.984,,Exact source-form repeat of example 103b; extracted text page 133; represented by AKIW_SZY_2012_EX_103B. This row's source translation and gloss remain in the ledger.
include,111,a,139,belih-en ku cudad nu Sakizaya.,belih-en ku cudad nu Sakizaya.,belih-en       ku           cudad           nu           Sakizaya.,,,翻開撒奇萊雅族的書。,翻-使役 主格 書 屬格 撒奇萊雅,翻-使役 主格 書 屬格 撒奇萊雅,"[""翻-使役"",""主格"",""書"",""屬格"",""撒奇萊雅""]",0.980,,
include,111,b,139,cudad-en henay ku ca-cudad-en nu misu!,cudad-en henay ku ca-cudad-en nu misu!,cudad-en       henay ku               ca-cudad-en             nu        misu!,,,先去寫你的作業！,書-en 先 主格 重疊-書-EN 屬格 m-你，靥格,書-en 先 主格 重疊-書-EN 屬格 m-你.屬格,"[""書-en"",""先"",""主格"",""重疊-書-EN"",""屬格"",""m-你.屬格""]",0.985,,
include,112,a,140,apuyu' ma-min ku ni-lusalus-an ni Kacaw tu kasuy.,apuyu' ma-min ku ni-lusalus-an ni Kacaw tu kasuy.,apuyu' ma-min                ku       ni-lusalus-an ni         Kacaw           tu        kasuy.,,,Kacaw 鋸的木材都很短。,短 MA-全 主格 NI-鋸-an 屬格人名 斜格 木材,短 MA-全 主格 NI-鋸-an 屬格 人名 斜格 木材,"[""短"",""MA-全"",""主格"",""NI-鋸-an"",""屬格"",""人名"",""斜格"",""木材""]",0.988,,
include,112,b,140,apuyu'-en ku pi-sait tu bukes ku sa-lungan-ay azihen.,apuyu'-en ku pi-sait tu bukes ku sa-lungan-ay azihen.,apuyu'-en ku            pi-sait tu bukes             ku      sa-lungan-ay azihen.,,,頭髮剪短看起來很俏麗。,短-使役 主格 PI-剪 斜格 頭髮 主格 SA-可愛-AY 看-EN,短-使役 主格 PI-剪 斜格 頭髮 主格 SA-可愛-AY 看-EN,"[""短-使役"",""主格"",""PI-剪"",""斜格"",""頭髮"",""主格"",""SA-可愛-AY"",""看-EN""]",0.989,,
include,113,a,141,sa-labi ciniza a mi-azih tu cudad.,sa-labi ciniza a mi-azih tu cudad.,sa-labi ciniza             a          mi-azih        tu    cudad.,,,他整晚都在看書。,SA-晚 他-主格 繫詞 主焦-看 斜格 書,SA-晚 他-主格 繫詞 主焦-看 斜格 書,"[""SA-晚"",""他-主格"",""繫詞"",""主焦-看"",""斜格"",""書""]",0.982,,
include,113,b,141,azih-i ku zazan anu mu-culil.,azih-i ku zazan anu mu-culil.,azih-i              ku      zazan               anu        mu-culil.,,,走路時看好路！,看-I 主格 路 如果 主焦-走路,看-I 主格 路 如果 主焦-走路,"[""看-I"",""主格"",""路"",""如果"",""主焦-走路""]",0.980,,
include,114,a,142,ka-tayza mi-anin tu silaw,ka-tayza mi-anin tu silaw,ka-tayza        mi-anin      tu           silaw,,,去那邊分一點鹹豬肉！,KA-去 MI-分 斜格 鹹豬肉,KA-去 MI-分 斜格 鹹豬肉,"[""KA-去"",""MI-分"",""斜格"",""鹹豬肉""]",0.978,,
include,114,b,142,ka-tukuh tu ku ka-tayza-an pa-saluimeng-en tu ku kazizeng!,ka-tukuh tu ku ka-tayza-an pa-saluimeng-en tu ku kazizeng!,ka-tukuh        tu           ku           ka-tayza-an       pa-saluimeng-en tu             ku         kazizeng!,,,到達目的地要把車停妥！,完成貌 主格 車,KA-到達 完成貌 主格 KA-去-處焦 PA-停止-EN 完成貌 主格 車,"[""KA-到達"",""完成貌"",""主格"",""KA-去-處焦"",""PA-停止-EN"",""完成貌"",""主格"",""車""]",0.877,PDF page-image verified interlinear column alignment.,
include,115,a,143,kupit-en ku zikuc caay ka-sienaw!,kupit-en ku zikuc caay ka-sienaw!,kupit-en       ku         zikuc caay ka-sienaw!,,,要把衣服扣起來才不會冷！,扣-EN 主格 衣服不會KA-冷,扣-EN 主格 衣服 不會 KA-冷,"[""扣-EN"",""主格"",""衣服"",""不會"",""KA-冷""]",0.982,PDF page-image verified interlinear column alignment.,
include,115,b,143,hina-baha kita i ka-sienaw-an.,hina-baha kita i ka-sienaw-an.,hina-baha      kita             i           ka-sienaw-an.,,,天氣很冷的時候我們容易咳嗽。,常-咳嗽 我們.主格 處所格 KA-冷-處焦,常-咳嗽 我們.主格 處所格 KA-冷-處焦,"[""常-咳嗽"",""我們.主格"",""處所格"",""KA-冷-處焦""]",0.981,,
include,116,a,144,si-balu tu ku bicacay.,si-balu tu ku bicacay.,si-balu       tu           ku    bicacay.,,,金桔開花了。,SI-花 完成貌 主格 金桔,SI-花 完成貌 主格 金桔,"[""SI-花"",""完成貌"",""主格"",""金桔""]",0.973,,
include,116,b,144,ka-si-balu-an nu mami ayza a bulad.,ka-si-balu-an nu mami ayza a bulad.,ka-si-balu-an             nu     mami       ayza        a    bulad.,,,這個月是柚子樹開花的季節。,KA-SI-花-處焦 屬格 柚子 現在 繫詞 月,KA-SI-花-處焦 屬格 柚子 現在 繫詞 月,"[""KA-SI-花-處焦"",""屬格"",""柚子"",""現在"",""繫詞"",""月""]",0.983,,
include,117,a,145,ma-palaw kami anu-cila i pi-cudad-an.,ma-palaw kami anu-cila i pi-cudad-an.,ma-palaw            kami           anu-cila          i        pi-cudad-an.,,,我們明天在學校跳舞。,主焦-舞我們.主格 未來-日子 處所格 PI-書-處焦,主焦-舞 我們.主格 未來-日子 處所格 PI-書-處焦,"[""主焦-舞"",""我們.主格"",""未來-日子"",""處所格"",""PI-書-處焦""]",0.985,,
include,117,b,145,u ma-palaw-ay ku kawaw nu kaka nu maku.,u ma-palaw-ay ku kawaw nu kaka nu maku.,u             ma-palaw-ay ku             kawaw nu         kaka nu        maku.,,,我姊姊的工作是舞者。,普名標記 MA-舞-AY 主格 工作 屬格 姊姊 屬格 m-我.靥格,普名標記 MA-舞-AY 主格 工作 屬格 姊姊 屬格 m-我.屬格,"[""普名標記"",""MA-舞-AY"",""主格"",""工作"",""屬格"",""姊姊"",""屬格"",""m-我.屬格""]",0.984,,
include,118,a,146,mi-caliw kaku tu bakan ni Kacaw.,mi-caliw kaku tu bakan ni Kacaw.,mi-caliw kaku                  tu          bakan ni           Kacaw.,,,我向Kacaw 借用刀。,主焦-借我.主格 斜格 刀屬格人名,主焦-借 我.主格 斜格 刀 屬格 人名,"[""主焦-借"",""我.主格"",""斜格"",""刀"",""屬格"",""人名""]",0.981,,
include,118,b,146,mi-caliw-an nu maku a kalitang.,mi-caliw-an nu maku a kalitang.,mi-caliw-an              nu         maku             a    kalitang.,,,我借來的花生。,MI-借-處焦 𪊽格 m-我.屬格 繫詞 花生,MI-借-處焦 屬格 m-我.屬格 繫詞 花生,"[""MI-借-處焦"",""屬格"",""m-我.屬格"",""繫詞"",""花生""]",0.981,,
excluded_exact_repeat,119,a,147,mu-belih ci Kacaw tu sa-ka-si-acawa niza.,mu-belih ci Kacaw tu sa-ka-si-acawa niza.,mu-belih ci         Kacaw tu              sa-ka-si-acawa       niza.,,AKIW_SZY_2012_EX_048B,Kacaw 本來要結婚但是他反悔了。,主焦-翻 主格人名 斜格 SA-KA-SI-老婆 他.格,主焦-翻 主格 人名 斜格 SA-KA-SI-老婆 他.屬格,"[""主焦-翻"",""主格"",""人名"",""斜格"",""SA-KA-SI-老婆"",""他.屬格""]",0.986,,Exact source-form repeat of example 048b; extracted text page 79; represented by AKIW_SZY_2012_EX_048B. This row's source translation and gloss remain in the ledger.
include,119,b,147,u mu-belih-ay kina wawa tu kawaw niza.,u mu-belih-ay kina wawa tu kawaw niza.,u             mu-belih-ay           kina      wawa      tu    kawaw    niza.,,,這個孩子工作半途而廢。,普名標記 主焦-翻-AY 這個 孩子 斜格 專情 他.屬格,普名標記 主焦-翻-AY 這個 孩子 斜格 專情 他.屬格,"[""普名標記"",""主焦-翻-AY"",""這個"",""孩子"",""斜格"",""專情"",""他.屬格""]",0.984,,
include,120,a,148,ta-timul ku culil nu niyam.,ta-timul ku culil nu niyam.,ta-timul ku          culil   nu         niyam.,,,我們朝南的方向走。,TA-南 主格 走屬格 我們.靥格,TA-南 主格 走 屬格 我們.屬格,"[""TA-南"",""主格"",""走"",""屬格"",""我們.屬格""]",0.978,,
include,120,b,148,izau i pa-lami'-an ku na-culil-an ni bayi.,izau i pa-lami'-an ku na-culil-an ni bayi.,izau    i             pa-lami'-an         ku       na-culil-an      ni     bayi.,,,菜園裡有留下阿嬤的腳印。,有 處所格 PA-菜-處焦 主格 NA-走-處焦 屬格 奶奶,有 處所格 PA-菜-處焦 主格 NA-走-處焦 屬格 奶奶,"[""有"",""處所格"",""PA-菜-處焦"",""主格"",""NA-走-處焦"",""屬格"",""奶奶""]",0.986,,
excluded_exact_repeat,121,a,149,i amis ku luma' nu maku.,i amis ku luma' nu maku.,i      amis      ku         luma' nu            maku.,,AKIW_SZY_2012_EX_072A,我住北部。,處所格北 主格 家屬格 m-我.屬格,處所格 北 主格 家 屬格 m-我.屬格,"[""處所格"",""北"",""主格"",""家"",""屬格"",""m-我.屬格""]",0.973,PDF page-image verified interlinear column alignment.,Exact source-form repeat of example 072a; extracted text page 101; represented by AKIW_SZY_2012_EX_072A. This row's source translation and gloss remain in the ledger.
include,121,b,149,nu-amis-an nu Maibul ku Kuhkuh a niyazu'.,nu-amis-an nu Maibul ku Kuhkuh a niyazu'.,nu-amis-an      nu         Maibul        ku       Kuhkuh         a       niyazu'.,,,瑞穗鄉在馬立雲部落的北邊。,NU-北-AN 屬格 馬立雲 主格 瑞穗 繫詞 部落,NU-北-AN 屬格 馬立雲 主格 瑞穗 繫詞 部落,"[""NU-北-AN"",""屬格"",""馬立雲"",""主格"",""瑞穗"",""繫詞"",""部落""]",0.986,,
include,122,a,150,sabaw tusa tu ku widi pa-hanhan tu ku yubin.,sabaw tusa tu ku widi pa-hanhan tu ku yubin.,sabaw tusa         tu         ku       widi pa-hanhan            tu     ku    yubin.,,,12點了，郵局已經停止營業。,十 二 完成貌 主格 時間 PA-呼吸 完成貌 主格 郵局,十 二 完成貌 主格 時間 PA-呼吸 完成貌 主格 郵局,"[""十"",""二"",""完成貌"",""主格"",""時間"",""PA-呼吸"",""完成貌"",""主格"",""郵局""]",0.986,,
include,122,b,150,anu yaan ku pa-hanhan-an nu misu a demiad?,anu yaan ku pa-hanhan-an nu misu a demiad?,anu     yaan       ku   pa-hanhan-an            nu      misu           a     demiad?,,,你的假期是什麼時候？,什麼 時候 主格 PA-呼吸-處焦 屬格 m-你.屬格 繫詞 日子,什麼 時候 主格 PA-呼吸-處焦 屬格 m-你.屬格 繫詞 日子,"[""什麼"",""時候"",""主格"",""PA-呼吸-處焦"",""屬格"",""m-你.屬格"",""繫詞"",""日子""]",0.986,,
include,123,a,151,ci Dungi ku ngangan nu maku.,ci Dungi ku ngangan nu maku.,ci           Dungi         ku      ngangan nu      maku.,,,我的名字是 Dungi。,主格 人名 主格 名字 • 闓格 m-我.r格,主格 人名 主格 名字 屬格 m-我.屬格,"[""主格"",""人名"",""主格"",""名字"",""屬格"",""m-我.屬格""]",0.978,PDF page-image verified interlinear column alignment.,
include,123,b,152,lecuh-sa-hen tu wawa pa-ngangan-en tu.,lecuh-sa-hen tu wawa pa-ngangan-en tu.,lecuh-sa-hen      tu    wawa            pa-ngangan-en         tu.,,,孩子剛出生就命名。,出生-SA-HEN 斜格 孩子 PA-名字-EN 完成貌,出生-SA-HEN 斜格 孩子 PA-名字-EN 完成貌,"[""出生-SA-HEN"",""斜格"",""孩子"",""PA-名字-EN"",""完成貌""]",0.985,,
include,124,a,153,adead-i han ku zikuc i bankuy!,adead-i han ku zikuc i bankuy!,adead-i    han          ku        zikuc     i          bankuy!,,,去翻在櫃子裡的衣服吧！,翻-I HAN 主格 衣服 處所格 櫃子,翻-I HAN 主格 衣服 處所格 櫃子,"[""翻-I"",""HAN"",""主格"",""衣服"",""處所格"",""櫃子""]",0.980,,
include,124,b,153,amana pi-adead tuya lalami kalat-aw nu bawu!,amana pi-adead tuya lalami kalat-aw nu bawu!,amana        pi-adead          tuya         lalami     kalat-aw          nu      bawu!,,,不要翻稻草，免得被蛇咬！,不要 PI-翻 那個 稻草 唆-AW 屬格蛇,不要 PI-翻 那個 稻草 咬-AW 屬格 蛇,"[""不要"",""PI-翻"",""那個"",""稻草"",""咬-AW"",""屬格"",""蛇""]",0.987,PDF page-image verified interlinear column alignment.,
include,124,c,153,pi-adead-i tu pa-zikuc-an ni Kacaw!,pi-adead-i tu pa-zikuc-an ni Kacaw!,pi-adead-i       tu         pa-zikuc-an          ni       Kacaw!,,,去翻 Kacaw 的衣櫥！,PI-番-I 斜格 PA-衣服-處焦 屬格人名,PI-翻-I 斜格 PA-衣服-處焦 屬格 人名,"[""PI-翻-I"",""斜格"",""PA-衣服-處焦"",""屬格"",""人名""]",0.984,PDF page-image verified interlinear column alignment.,
include,125,a,154,sipu-en ku puda' nu mata isu.,sipu-en ku puda' nu mata isu.,sipu-en      ku        puda'    nu         mata         isu.,,,把你的眼屎擦乾淨。,擦-受焦 主格 眼屎 屬格 眼睛 你.靥格,擦-受焦 主格 眼屎 屬格 眼睛 你.屬格,"[""擦-受焦"",""主格"",""眼屎"",""屬格"",""眼睛"",""你.屬格""]",0.979,,
include,125,b,154,kapah sa azih-en kiya ta-mata-an ni Haluwi.,kapah sa azih-en kiya ta-mata-an ni Haluwi.,kapah         sa      azih-en    kiya ta-mata-an                     ni         Haluwi.,,,Haluwi 的眼鏡看起來很美。,好 SA 看-受焦那個 重疊-眼睛-處焦 屬格人名,好 SA 看-受焦 那個 重疊-眼睛-處焦 屬格 人名,"[""好"",""SA"",""看-受焦"",""那個"",""重疊-眼睛-處焦"",""屬格"",""人名""]",0.986,PDF page-image verified interlinear column alignment.,
excluded_exact_repeat,126,a,155,ta-amis ku culil ni Unu na-sananl.,ta-amis ku culil ni Unu na-sananl.,ta-amis ku         culil     ni         Unu   na-sananl.,,AKIW_SZY_2012_EX_072B,Unu 早上往北走。,TA-北 主格 走 屬格 人名 過去-早上,TA-北 主格 走 屬格 人名 過去-早上,"[""TA-北"",""主格"",""走"",""屬格"",""人名"",""過去-早上""]",0.982,,Exact source-form repeat of example 072b; extracted text page 102; represented by AKIW_SZY_2012_EX_072B. This row's source translation and gloss remain in the ledger.
include,126,b,155,ta-amis-en ku pa-culil tu wawelwel!,ta-amis-en ku pa-culil tu wawelwel!,ta-amis-en    ku           pa-culil     tu    wawelwel!,,,機車騎向北方！,TA-北-受焦 主格 PA-走 斜格 機車,TA-北-受焦 主格 PA-走 斜格 機車,"[""TA-北-受焦"",""主格"",""PA-走"",""斜格"",""機車""]",0.931,,
