file	text_id	citation	BibTeX_citation	dialect	source
PaiwanCh2_001.xml	PaiwanCh2_001_PUⱢAⱢUYAⱢUYAN	Early, R. J., & Whitehorn, J. (2003). One hundred Paiwan texts. Pacific Linguistics, Research School of Pacific and Asian Studies, The Australian National University.	@book{100paiwantexts, author = {Robert Early and John Whitehorn}, title = {One Hundred Paiwan Texts}, year = {2003}, publisher = {Pacific Linguistics, Research School of Pacific and Asian Studies, The Australian National University}}	Southern	ti sa Puɫaɫuyaɫuyan (Qatsiɫay village, p.141)
PaiwanCh2_002.xml	PaiwanCh2_002_THE SNAKE’S WIFE	Early, R. J., & Whitehorn, J. (2003). One hundred Paiwan texts. Pacific Linguistics, Research School of Pacific and Asian Studies, The Australian National University.	@book{100paiwantexts, author = {Robert Early and John Whitehorn}, title = {One Hundred Paiwan Texts}, year = {2003}, publisher = {Pacific Linguistics, Research School of Pacific and Asian Studies, The Australian National University}}	Southern	vaɫaw nua qatjuvi (Qatsiɫay village, p.145)
PaiwanCh2_003.xml	PaiwanCh2_003_THE STUPID MAN	Early, R. J., & Whitehorn, J. (2003). One hundred Paiwan texts. Pacific Linguistics, Research School of Pacific and Asian Studies, The Australian National University.	@book{100paiwantexts, author = {Robert Early and John Whitehorn}, title = {One Hundred Paiwan Texts}, year = {2003}, publisher = {Pacific Linguistics, Research School of Pacific and Asian Studies, The Australian National University}}	Southern	malutjulutjuk a uqaɫay (Qatsiɫay village, p.150)
PaiwanCh2_004.xml	PaiwanCh2_004_THE BROTHERS	Early, R. J., & Whitehorn, J. (2003). One hundred Paiwan texts. Pacific Linguistics, Research School of Pacific and Asian Studies, The Australian National University.	@book{100paiwantexts, author = {Robert Early and John Whitehorn}, title = {One Hundred Paiwan Texts}, year = {2003}, publisher = {Pacific Linguistics, Research School of Pacific and Asian Studies, The Australian National University}}	Southern	marekaka (Qatsiɫay village, p.154)
PaiwanCh2_005.xml	PaiwanCh2_005_PUⱢAⱢUYAⱢUYAN AND SIMIDALU	Early, R. J., & Whitehorn, J. (2003). One hundred Paiwan texts. Pacific Linguistics, Research School of Pacific and Asian Studies, The Australian National University.	@book{100paiwantexts, author = {Robert Early and John Whitehorn}, title = {One Hundred Paiwan Texts}, year = {2003}, publisher = {Pacific Linguistics, Research School of Pacific and Asian Studies, The Australian National University}}	Southern	ti sa Puɫaɫuyaɫuyan kati sa Simidalu (Qatsiɫay village p.157)
PaiwanCh2_006.xml	PaiwanCh2_006_WHITE OWL AND BROWN OWL	Early, R. J., & Whitehorn, J. (2003). One hundred Paiwan texts. Pacific Linguistics, Research School of Pacific and Asian Studies, The Australian National University.	@book{100paiwantexts, author = {Robert Early and John Whitehorn}, title = {One Hundred Paiwan Texts}, year = {2003}, publisher = {Pacific Linguistics, Research School of Pacific and Asian Studies, The Australian National University}}	Southern	tjugelui katua ngangay (Qatsiɫay village, p.160)
PaiwanCh2_007.xml	PaiwanCh2_007_THE QALU PEOPLE GO HEAD-HUNTING	Early, R. J., & Whitehorn, J. (2003). One hundred Paiwan texts. Pacific Linguistics, Research School of Pacific and Asian Studies, The Australian National University.	@book{100paiwantexts, author = {Robert Early and John Whitehorn}, title = {One Hundred Paiwan Texts}, year = {2003}, publisher = {Pacific Linguistics, Research School of Pacific and Asian Studies, The Australian National University}}	Southern	maqinatsap a se Qalu (Qatsiɫay village, p.162)
PaiwanCh2_008.xml	PaiwanCh2_008_WOMEN FRIENDS AND KIDADAW	Early, R. J., & Whitehorn, J. (2003). One hundred Paiwan texts. Pacific Linguistics, Research School of Pacific and Asian Studies, The Australian National University.	@book{100paiwantexts, author = {Robert Early and John Whitehorn}, title = {One Hundred Paiwan Texts}, year = {2003}, publisher = {Pacific Linguistics, Research School of Pacific and Asian Studies, The Australian National University}}	Southern	mareḍava kati sa Kidadaw (Qatsiɫay village, p.164)
PaiwanCh2_009.xml	PaiwanCh2_009_THE ANT-EATER AND THE CRAB	Early, R. J., & Whitehorn, J. (2003). One hundred Paiwan texts. Pacific Linguistics, Research School of Pacific and Asian Studies, The Australian National University.	@book{100paiwantexts, author = {Robert Early and John Whitehorn}, title = {One Hundred Paiwan Texts}, year = {2003}, publisher = {Pacific Linguistics, Research School of Pacific and Asian Studies, The Australian National University}}	Southern	qam katua gang (Qatsiɫay village, p.166)
PaiwanCh2_010.xml	PaiwanCh2_010_KAPURAR	Early, R. J., & Whitehorn, J. (2003). One hundred Paiwan texts. Pacific Linguistics, Research School of Pacific and Asian Studies, The Australian National University.	@book{100paiwantexts, author = {Robert Early and John Whitehorn}, title = {One Hundred Paiwan Texts}, year = {2003}, publisher = {Pacific Linguistics, Research School of Pacific and Asian Studies, The Australian National University}}	Southern	ti sa Kapurar (Qatsiɫay village, p.170)
PaiwanCh2_011.xml	PaiwanCh2_011_THE HUSBAND KILLED BY HIS WIFE	Early, R. J., & Whitehorn, J. (2003). One hundred Paiwan texts. Pacific Linguistics, Research School of Pacific and Asian Studies, The Australian National University.	@book{100paiwantexts, author = {Robert Early and John Whitehorn}, title = {One Hundred Paiwan Texts}, year = {2003}, publisher = {Pacific Linguistics, Research School of Pacific and Asian Studies, The Australian National University}}	Southern	vaɫaw a uqaɫay a qintsi nua vavayan (Qatsiɫay village, p.173)
PaiwanCh2_012.xml	PaiwanCh2_012_THE TJAKUVUKUVUⱢ MAN WHO CUT OFF HIS HAND	Early, R. J., & Whitehorn, J. (2003). One hundred Paiwan texts. Pacific Linguistics, Research School of Pacific and Asian Studies, The Australian National University.	@book{100paiwantexts, author = {Robert Early and John Whitehorn}, title = {One Hundred Paiwan Texts}, year = {2003}, publisher = {Pacific Linguistics, Research School of Pacific and Asian Studies, The Australian National University}}	Southern	namengeḍuq tua lima a se Tjakuvukuvuɫ (Qatsiɫay village, p.178)
PaiwanCh2_013.xml	PaiwanCh2_013_PUⱢAⱢUYAⱢUYAN AND SUⱢAⱢUⱢAⱢUI	Early, R. J., & Whitehorn, J. (2003). One hundred Paiwan texts. Pacific Linguistics, Research School of Pacific and Asian Studies, The Australian National University.	@book{100paiwantexts, author = {Robert Early and John Whitehorn}, title = {One Hundred Paiwan Texts}, year = {2003}, publisher = {Pacific Linguistics, Research School of Pacific and Asian Studies, The Australian National University}}	Southern	ti sa Puɫaɫuyaɫuyan kati sa Suɫaɫuɫaɫui (Qatsiɫay village, p.180)
PaiwanCh2_014.xml	PaiwanCh2_014_WOMEN FRIENDS AND MEN FRIENDS	Early, R. J., & Whitehorn, J. (2003). One hundred Paiwan texts. Pacific Linguistics, Research School of Pacific and Asian Studies, The Australian National University.	@book{100paiwantexts, author = {Robert Early and John Whitehorn}, title = {One Hundred Paiwan Texts}, year = {2003}, publisher = {Pacific Linguistics, Research School of Pacific and Asian Studies, The Australian National University}}	Southern	mareḍava katua mareqali (Qatsiɫay village, p.183)
PaiwanCh2_015.xml	PaiwanCh2_015_STONE GATE	Early, R. J., & Whitehorn, J. (2003). One hundred Paiwan texts. Pacific Linguistics, Research School of Pacific and Asian Studies, The Australian National University.	@book{100paiwantexts, author = {Robert Early and John Whitehorn}, title = {One Hundred Paiwan Texts}, year = {2003}, publisher = {Pacific Linguistics, Research School of Pacific and Asian Studies, The Australian National University}}	Southern	imatsatsukes (Qatsiɫay village, p.184)
PaiwanCh2_016.xml	PaiwanCh2_016_THE CHILD WHO WENT UP TO HEAVEN	Early, R. J., & Whitehorn, J. (2003). One hundred Paiwan texts. Pacific Linguistics, Research School of Pacific and Asian Studies, The Australian National University.	@book{100paiwantexts, author = {Robert Early and John Whitehorn}, title = {One Hundred Paiwan Texts}, year = {2003}, publisher = {Pacific Linguistics, Research School of Pacific and Asian Studies, The Australian National University}}	Southern	kakeḍian a ɫevavaw itjua kalevelevan (Qatsiɫay village, p.185)
PaiwanCh2_017.xml	PaiwanCh2_017_DOGS	Early, R. J., & Whitehorn, J. (2003). One hundred Paiwan texts. Pacific Linguistics, Research School of Pacific and Asian Studies, The Australian National University.	@book{100paiwantexts, author = {Robert Early and John Whitehorn}, title = {One Hundred Paiwan Texts}, year = {2003}, publisher = {Pacific Linguistics, Research School of Pacific and Asian Studies, The Australian National University}}	Southern	vatu (Qatsiɫay village, p.189)
PaiwanCh2_018.xml	PaiwanCh2_018_SAVAⱢI	Early, R. J., & Whitehorn, J. (2003). One hundred Paiwan texts. Pacific Linguistics, Research School of Pacific and Asian Studies, The Australian National University.	@book{100paiwantexts, author = {Robert Early and John Whitehorn}, title = {One Hundred Paiwan Texts}, year = {2003}, publisher = {Pacific Linguistics, Research School of Pacific and Asian Studies, The Australian National University}}	Southern	ti Savaɫi (Tjakuvukuvuɫ village, p.190)
PaiwanCh2_019.xml	PaiwanCh2_019_OLD TREASURES	Early, R. J., & Whitehorn, J. (2003). One hundred Paiwan texts. Pacific Linguistics, Research School of Pacific and Asian Studies, The Australian National University.	@book{100paiwantexts, author = {Robert Early and John Whitehorn}, title = {One Hundred Paiwan Texts}, year = {2003}, publisher = {Pacific Linguistics, Research School of Pacific and Asian Studies, The Australian National University}}	Southern	milingan (Tjakuvukuvuɫ village, p.192)
PaiwanCh2_020.xml	PaiwanCh2_020_THE STONE FAN	Early, R. J., & Whitehorn, J. (2003). One hundred Paiwan texts. Pacific Linguistics, Research School of Pacific and Asian Studies, The Australian National University.	@book{100paiwantexts, author = {Robert Early and John Whitehorn}, title = {One Hundred Paiwan Texts}, year = {2003}, publisher = {Pacific Linguistics, Research School of Pacific and Asian Studies, The Australian National University}}	Southern	sipaizan a qatsiɫay (Tjakuvukuvuɫ village, p.193)
PaiwanCh2_021.xml	PaiwanCh2_021_TEETH IN THE VAGINA	Early, R. J., & Whitehorn, J. (2003). One hundred Paiwan texts. Pacific Linguistics, Research School of Pacific and Asian Studies, The Australian National University.	@book{100paiwantexts, author = {Robert Early and John Whitehorn}, title = {One Hundred Paiwan Texts}, year = {2003}, publisher = {Pacific Linguistics, Research School of Pacific and Asian Studies, The Australian National University}}	Southern	aɫis nua kutji (Tjakuvukuvuɫ village, p.193)
PaiwanCh2_022.xml	PaiwanCh2_022_EARTHQUAKES	Early, R. J., & Whitehorn, J. (2003). One hundred Paiwan texts. Pacific Linguistics, Research School of Pacific and Asian Studies, The Australian National University.	@book{100paiwantexts, author = {Robert Early and John Whitehorn}, title = {One Hundred Paiwan Texts}, year = {2003}, publisher = {Pacific Linguistics, Research School of Pacific and Asian Studies, The Australian National University}}	Southern	maparumaɫ a kadjunangan (Tjakuvukuvuɫ village, p.194)
PaiwanCh2_023.xml	PaiwanCh2_023_THE FLOOD	Early, R. J., & Whitehorn, J. (2003). One hundred Paiwan texts. Pacific Linguistics, Research School of Pacific and Asian Studies, The Australian National University.	@book{100paiwantexts, author = {Robert Early and John Whitehorn}, title = {One Hundred Paiwan Texts}, year = {2003}, publisher = {Pacific Linguistics, Research School of Pacific and Asian Studies, The Australian National University}}	Southern	qatsa a zaɫum (Tjakuvukuvuɫ village, p.194)
PaiwanCh2_024.xml	PaiwanCh2_024_MAKING RIVERS	Early, R. J., & Whitehorn, J. (2003). One hundred Paiwan texts. Pacific Linguistics, Research School of Pacific and Asian Studies, The Australian National University.	@book{100paiwantexts, author = {Robert Early and John Whitehorn}, title = {One Hundred Paiwan Texts}, year = {2003}, publisher = {Pacific Linguistics, Research School of Pacific and Asian Studies, The Australian National University}}	Southern	seman pana (Tjakuvukuvuɫ village, p.196)
PaiwanCh2_025.xml	PaiwanCh2_025_EATING SNAKES	Early, R. J., & Whitehorn, J. (2003). One hundred Paiwan texts. Pacific Linguistics, Research School of Pacific and Asian Studies, The Australian National University.	@book{100paiwantexts, author = {Robert Early and John Whitehorn}, title = {One Hundred Paiwan Texts}, year = {2003}, publisher = {Pacific Linguistics, Research School of Pacific and Asian Studies, The Australian National University}}	Southern	keman tua qatjuvi (Tjakuvukuvuɫ village, p.197)
PaiwanCh2_026.xml	PaiwanCh2_026_TJIMU	Early, R. J., & Whitehorn, J. (2003). One hundred Paiwan texts. Pacific Linguistics, Research School of Pacific and Asian Studies, The Australian National University.	@book{100paiwantexts, author = {Robert Early and John Whitehorn}, title = {One Hundred Paiwan Texts}, year = {2003}, publisher = {Pacific Linguistics, Research School of Pacific and Asian Studies, The Australian National University}}	Southern	Tjimu (Tjakuvukuvuɫ village, p.199)
PaiwanCh2_027.xml	PaiwanCh2_027_DEER, WILD PIG, GOAT AND MUNTJAC DEER	Early, R. J., & Whitehorn, J. (2003). One hundred Paiwan texts. Pacific Linguistics, Research School of Pacific and Asian Studies, The Australian National University.	@book{100paiwantexts, author = {Robert Early and John Whitehorn}, title = {One Hundred Paiwan Texts}, year = {2003}, publisher = {Pacific Linguistics, Research School of Pacific and Asian Studies, The Australian National University}}	Southern	venan vavuy sizi takets (Tjakuvukuvuɫ village, p.199)
PaiwanCh2_028.xml	PaiwanCh2_028_PIGS	Early, R. J., & Whitehorn, J. (2003). One hundred Paiwan texts. Pacific Linguistics, Research School of Pacific and Asian Studies, The Australian National University.	@book{100paiwantexts, author = {Robert Early and John Whitehorn}, title = {One Hundred Paiwan Texts}, year = {2003}, publisher = {Pacific Linguistics, Research School of Pacific and Asian Studies, The Australian National University}}	Southern	ḍiḍi (Tjakuvukuvuɫ village, p.201)
PaiwanCh2_029.xml	PaiwanCh2_029_LICE	Early, R. J., & Whitehorn, J. (2003). One hundred Paiwan texts. Pacific Linguistics, Research School of Pacific and Asian Studies, The Australian National University.	@book{100paiwantexts, author = {Robert Early and John Whitehorn}, title = {One Hundred Paiwan Texts}, year = {2003}, publisher = {Pacific Linguistics, Research School of Pacific and Asian Studies, The Australian National University}}	Southern	kutsu (Tjakuvukuvuɫ village, p.202)
PaiwanCh2_030.xml	PaiwanCh2_030_ULCERS AND PAIN	Early, R. J., & Whitehorn, J. (2003). One hundred Paiwan texts. Pacific Linguistics, Research School of Pacific and Asian Studies, The Australian National University.	@book{100paiwantexts, author = {Robert Early and John Whitehorn}, title = {One Hundred Paiwan Texts}, year = {2003}, publisher = {Pacific Linguistics, Research School of Pacific and Asian Studies, The Australian National University}}	Southern	pumuqan katua ngilu (Tjakuvukuvuɫ village, p.202)
PaiwanCh2_031.xml	PaiwanCh2_031_ARECA/BETEL TREE	Early, R. J., & Whitehorn, J. (2003). One hundred Paiwan texts. Pacific Linguistics, Research School of Pacific and Asian Studies, The Australian National University.	@book{100paiwantexts, author = {Robert Early and John Whitehorn}, title = {One Hundred Paiwan Texts}, year = {2003}, publisher = {Pacific Linguistics, Research School of Pacific and Asian Studies, The Australian National University}}	Southern	saviki (Tjakuvukuvuɫ village, p.203)
PaiwanCh2_032.xml	PaiwanCh2_032_QALAMUDIS AND THE WATER MONSTER	Early, R. J., & Whitehorn, J. (2003). One hundred Paiwan texts. Pacific Linguistics, Research School of Pacific and Asian Studies, The Australian National University.	@book{100paiwantexts, author = {Robert Early and John Whitehorn}, title = {One Hundred Paiwan Texts}, year = {2003}, publisher = {Pacific Linguistics, Research School of Pacific and Asian Studies, The Australian National University}}	Southern	ti sa Qalamudis katua valaɫuvaɫ (Tjakuvukuvuɫ village, p.204)
PaiwanCh2_033.xml	PaiwanCh2_033_WHERE THE DOG SETTLED	Early, R. J., & Whitehorn, J. (2003). One hundred Paiwan texts. Pacific Linguistics, Research School of Pacific and Asian Studies, The Australian National University.	@book{100paiwantexts, author = {Robert Early and John Whitehorn}, title = {One Hundred Paiwan Texts}, year = {2003}, publisher = {Pacific Linguistics, Research School of Pacific and Asian Studies, The Australian National University}}	Southern	kadjuɫean nua vatu (Tjakuvukuvuɫ village, p.206)
PaiwanCh2_034.xml	PaiwanCh2_034_SAPAYAS AND THE QAVULUNG FAMILY	Early, R. J., & Whitehorn, J. (2003). One hundred Paiwan texts. Pacific Linguistics, Research School of Pacific and Asian Studies, The Australian National University.	@book{100paiwantexts, author = {Robert Early and John Whitehorn}, title = {One Hundred Paiwan Texts}, year = {2003}, publisher = {Pacific Linguistics, Research School of Pacific and Asian Studies, The Australian National University}}	Southern	ti Sapayas katua ɫa Qavulung (Tjakuvukuvuɫ village, p.207)
PaiwanCh2_035.xml	PaiwanCh2_035_THE PEOPLE OF TJAUVALIVALI	Early, R. J., & Whitehorn, J. (2003). One hundred Paiwan texts. Pacific Linguistics, Research School of Pacific and Asian Studies, The Australian National University.	@book{100paiwantexts, author = {Robert Early and John Whitehorn}, title = {One Hundred Paiwan Texts}, year = {2003}, publisher = {Pacific Linguistics, Research School of Pacific and Asian Studies, The Australian National University}}	Southern	se Tjauvalivali (Ɫaleklek village, p.209)
PaiwanCh2_036.xml	PaiwanCh2_036_DOGS	Early, R. J., & Whitehorn, J. (2003). One hundred Paiwan texts. Pacific Linguistics, Research School of Pacific and Asian Studies, The Australian National University.	@book{100paiwantexts, author = {Robert Early and John Whitehorn}, title = {One Hundred Paiwan Texts}, year = {2003}, publisher = {Pacific Linguistics, Research School of Pacific and Asian Studies, The Australian National University}}	Southern	vatu (Ɫaleklek village, p.210)
PaiwanCh2_037.xml	PaiwanCh2_037_MUNTJAC DEER	Early, R. J., & Whitehorn, J. (2003). One hundred Paiwan texts. Pacific Linguistics, Research School of Pacific and Asian Studies, The Australian National University.	@book{100paiwantexts, author = {Robert Early and John Whitehorn}, title = {One Hundred Paiwan Texts}, year = {2003}, publisher = {Pacific Linguistics, Research School of Pacific and Asian Studies, The Australian National University}}	Southern	takets (Ɫaleklek village, p.211)
PaiwanCh2_038.xml	PaiwanCh2_038_TSUDJUY	Early, R. J., & Whitehorn, J. (2003). One hundred Paiwan texts. Pacific Linguistics, Research School of Pacific and Asian Studies, The Australian National University.	@book{100paiwantexts, author = {Robert Early and John Whitehorn}, title = {One Hundred Paiwan Texts}, year = {2003}, publisher = {Pacific Linguistics, Research School of Pacific and Asian Studies, The Australian National University}}	Southern	ti sa Tsudjuy (Ɫaleklek village, p.214)
PaiwanCh2_039.xml	PaiwanCh2_039_THE EVIL-EYE MAN	Early, R. J., & Whitehorn, J. (2003). One hundred Paiwan texts. Pacific Linguistics, Research School of Pacific and Asian Studies, The Australian National University.	@book{100paiwantexts, author = {Robert Early and John Whitehorn}, title = {One Hundred Paiwan Texts}, year = {2003}, publisher = {Pacific Linguistics, Research School of Pacific and Asian Studies, The Australian National University}}	Southern	paɫi (Ɫaleklek village, p.216)
PaiwanCh2_040.xml	PaiwanCh2_040_TJUKUTJUKU	Early, R. J., & Whitehorn, J. (2003). One hundred Paiwan texts. Pacific Linguistics, Research School of Pacific and Asian Studies, The Australian National University.	@book{100paiwantexts, author = {Robert Early and John Whitehorn}, title = {One Hundred Paiwan Texts}, year = {2003}, publisher = {Pacific Linguistics, Research School of Pacific and Asian Studies, The Australian National University}}	Southern	Tjukutjuku (Ɫaleklek village, p.218)
PaiwanCh2_041.xml	PaiwanCh2_041_KULUI	Early, R. J., & Whitehorn, J. (2003). One hundred Paiwan texts. Pacific Linguistics, Research School of Pacific and Asian Studies, The Australian National University.	@book{100paiwantexts, author = {Robert Early and John Whitehorn}, title = {One Hundred Paiwan Texts}, year = {2003}, publisher = {Pacific Linguistics, Research School of Pacific and Asian Studies, The Australian National University}}	Southern	Kului (Ɫaleklek village, p.222)
PaiwanCh2_042.xml	PaiwanCh2_042_THE MONKEY AND THE CRAB	Early, R. J., & Whitehorn, J. (2003). One hundred Paiwan texts. Pacific Linguistics, Research School of Pacific and Asian Studies, The Australian National University.	@book{100paiwantexts, author = {Robert Early and John Whitehorn}, title = {One Hundred Paiwan Texts}, year = {2003}, publisher = {Pacific Linguistics, Research School of Pacific and Asian Studies, The Australian National University}}	Central	ti ḍail kati gagang (Kuɫaɫau village, p.224)
PaiwanCh2_043.xml	PaiwanCh2_043_PUⱢAⱢUⱢAⱢUYAN AND TJUKUTJUKU	Early, R. J., & Whitehorn, J. (2003). One hundred Paiwan texts. Pacific Linguistics, Research School of Pacific and Asian Studies, The Australian National University.	@book{100paiwantexts, author = {Robert Early and John Whitehorn}, title = {One Hundred Paiwan Texts}, year = {2003}, publisher = {Pacific Linguistics, Research School of Pacific and Asian Studies, The Australian National University}}	Central	ti Puɫaɫuɫaɫuyan kati Tjukutjuku (Kuɫaɫau village, p.227)
PaiwanCh2_044.xml	PaiwanCh2_044_PUⱢAⱢUⱢAⱢUYAN AND THE HAWK	Early, R. J., & Whitehorn, J. (2003). One hundred Paiwan texts. Pacific Linguistics, Research School of Pacific and Asian Studies, The Australian National University.	@book{100paiwantexts, author = {Robert Early and John Whitehorn}, title = {One Hundred Paiwan Texts}, year = {2003}, publisher = {Pacific Linguistics, Research School of Pacific and Asian Studies, The Australian National University}}	Central	ti Puɫaɫuɫaɫuyan katua qaḍis (Kuɫaɫau village, p.228)
PaiwanCh2_045.xml	PaiwanCh2_045_A CANNIBAL	Early, R. J., & Whitehorn, J. (2003). One hundred Paiwan texts. Pacific Linguistics, Research School of Pacific and Asian Studies, The Australian National University.	@book{100paiwantexts, author = {Robert Early and John Whitehorn}, title = {One Hundred Paiwan Texts}, year = {2003}, publisher = {Pacific Linguistics, Research School of Pacific and Asian Studies, The Australian National University}}	Central	keman tua tsautsau (Kuɫaɫau village, p.230)
PaiwanCh2_046.xml	PaiwanCh2_046_THE TABOO RIVER	Early, R. J., & Whitehorn, J. (2003). One hundred Paiwan texts. Pacific Linguistics, Research School of Pacific and Asian Studies, The Australian National University.	@book{100paiwantexts, author = {Robert Early and John Whitehorn}, title = {One Hundred Paiwan Texts}, year = {2003}, publisher = {Pacific Linguistics, Research School of Pacific and Asian Studies, The Australian National University}}	Central	pana a palisi (Kuɫaɫau village, p.230)
PaiwanCh2_047.xml	PaiwanCh2_047_KUⱢEⱢUⱢEⱢU	Early, R. J., & Whitehorn, J. (2003). One hundred Paiwan texts. Pacific Linguistics, Research School of Pacific and Asian Studies, The Australian National University.	@book{100paiwantexts, author = {Robert Early and John Whitehorn}, title = {One Hundred Paiwan Texts}, year = {2003}, publisher = {Pacific Linguistics, Research School of Pacific and Asian Studies, The Australian National University}}	Central	ti Kuɫeɫuɫeɫu (Kuɫaɫau village, p.231)
PaiwanCh2_048.xml	PaiwanCh2_048_A TWO-HEADED MONSTER	Early, R. J., & Whitehorn, J. (2003). One hundred Paiwan texts. Pacific Linguistics, Research School of Pacific and Asian Studies, The Australian National University.	@book{100paiwantexts, author = {Robert Early and John Whitehorn}, title = {One Hundred Paiwan Texts}, year = {2003}, publisher = {Pacific Linguistics, Research School of Pacific and Asian Studies, The Australian National University}}	Central	ḍakasi (Kuɫaɫau village, p.234)
PaiwanCh2_049.xml	PaiwanCh2_049_ORIGIN OF THE FIVE YEAR FESTIVAL	Early, R. J., & Whitehorn, J. (2003). One hundred Paiwan texts. Pacific Linguistics, Research School of Pacific and Asian Studies, The Australian National University.	@book{100paiwantexts, author = {Robert Early and John Whitehorn}, title = {One Hundred Paiwan Texts}, year = {2003}, publisher = {Pacific Linguistics, Research School of Pacific and Asian Studies, The Australian National University}}	Central	maɫeveq (Kuɫaɫau village, p.234)
PaiwanCh2_050.xml	PaiwanCh2_050_THE PENIS WHICH BECAME A MAN	Early, R. J., & Whitehorn, J. (2003). One hundred Paiwan texts. Pacific Linguistics, Research School of Pacific and Asian Studies, The Australian National University.	@book{100paiwantexts, author = {Robert Early and John Whitehorn}, title = {One Hundred Paiwan Texts}, year = {2003}, publisher = {Pacific Linguistics, Research School of Pacific and Asian Studies, The Australian National University}}	Central	qalitsi a metsautsau (Kuɫaɫau village, p.236)
PaiwanCh2_051.xml	PaiwanCh2_051_IDJUIDJUNG	Early, R. J., & Whitehorn, J. (2003). One hundred Paiwan texts. Pacific Linguistics, Research School of Pacific and Asian Studies, The Australian National University.	@book{100paiwantexts, author = {Robert Early and John Whitehorn}, title = {One Hundred Paiwan Texts}, year = {2003}, publisher = {Pacific Linguistics, Research School of Pacific and Asian Studies, The Australian National University}}	Central	ti sa Idjuidjung (Kuɫaɫau village, p.242)
PaiwanCh2_052.xml	PaiwanCh2_052_VATJUⱢAYAN (MR. IRON)	Early, R. J., & Whitehorn, J. (2003). One hundred Paiwan texts. Pacific Linguistics, Research School of Pacific and Asian Studies, The Australian National University.	@book{100paiwantexts, author = {Robert Early and John Whitehorn}, title = {One Hundred Paiwan Texts}, year = {2003}, publisher = {Pacific Linguistics, Research School of Pacific and Asian Studies, The Australian National University}}	Eastern	ti sa Vatjuɫayan (Patjavaɫ village, p.244)
PaiwanCh2_053.xml	PaiwanCh2_053_THE FLOOD	Early, R. J., & Whitehorn, J. (2003). One hundred Paiwan texts. Pacific Linguistics, Research School of Pacific and Asian Studies, The Australian National University.	@book{100paiwantexts, author = {Robert Early and John Whitehorn}, title = {One Hundred Paiwan Texts}, year = {2003}, publisher = {Pacific Linguistics, Research School of Pacific and Asian Studies, The Australian National University}}	Eastern	qatsa a zaɫum (Patjavaɫ village, p.245)
PaiwanCh2_054.xml	PaiwanCh2_054_THE FIVE YEAR FESTIVAL	Early, R. J., & Whitehorn, J. (2003). One hundred Paiwan texts. Pacific Linguistics, Research School of Pacific and Asian Studies, The Australian National University.	@book{100paiwantexts, author = {Robert Early and John Whitehorn}, title = {One Hundred Paiwan Texts}, year = {2003}, publisher = {Pacific Linguistics, Research School of Pacific and Asian Studies, The Australian National University}}	Eastern	maɫevuq (Patjavaɫ village, p.248)
PaiwanCh2_055.xml	PaiwanCh2_055_THE BLACK DRONGO BIRD	Early, R. J., & Whitehorn, J. (2003). One hundred Paiwan texts. Pacific Linguistics, Research School of Pacific and Asian Studies, The Australian National University.	@book{100paiwantexts, author = {Robert Early and John Whitehorn}, title = {One Hundred Paiwan Texts}, year = {2003}, publisher = {Pacific Linguistics, Research School of Pacific and Asian Studies, The Australian National University}}	Eastern	tjatjiw (Tjauvaɫi [or Tjavuaɫi] village, p.250)
PaiwanCh2_056.xml	PaiwanCh2_056_THE ANT-EATER AND THE MONKEY	Early, R. J., & Whitehorn, J. (2003). One hundred Paiwan texts. Pacific Linguistics, Research School of Pacific and Asian Studies, The Australian National University.	@book{100paiwantexts, author = {Robert Early and John Whitehorn}, title = {One Hundred Paiwan Texts}, year = {2003}, publisher = {Pacific Linguistics, Research School of Pacific and Asian Studies, The Australian National University}}	Eastern	qaruqaruman kata ḍail (Tjauvaɫi [or Tjavuaɫi] village, p.251)
PaiwanCh2_057.xml	PaiwanCh2_057_VALULIAW	Early, R. J., & Whitehorn, J. (2003). One hundred Paiwan texts. Pacific Linguistics, Research School of Pacific and Asian Studies, The Australian National University.	@book{100paiwantexts, author = {Robert Early and John Whitehorn}, title = {One Hundred Paiwan Texts}, year = {2003}, publisher = {Pacific Linguistics, Research School of Pacific and Asian Studies, The Australian National University}}	Eastern	ti Valuliaw (Tjauvaɫi ([or Tjavuaɫi] village, p.254)
PaiwanCh2_058.xml	PaiwanCh2_058_PUⱢAⱢUⱢAⱢUYAN AND TJUKUTJUKU	Early, R. J., & Whitehorn, J. (2003). One hundred Paiwan texts. Pacific Linguistics, Research School of Pacific and Asian Studies, The Australian National University.	@book{100paiwantexts, author = {Robert Early and John Whitehorn}, title = {One Hundred Paiwan Texts}, year = {2003}, publisher = {Pacific Linguistics, Research School of Pacific and Asian Studies, The Australian National University}}	Central	Puɫaɫuɫaɫuyan kati Tjukutjuku (Tjaɫakavus village, p.255)
PaiwanCh2_059.xml	PaiwanCh2_059_WHITE OWL AND BROWN OWL(?)	Early, R. J., & Whitehorn, J. (2003). One hundred Paiwan texts. Pacific Linguistics, Research School of Pacific and Asian Studies, The Australian National University.	@book{100paiwantexts, author = {Robert Early and John Whitehorn}, title = {One Hundred Paiwan Texts}, year = {2003}, publisher = {Pacific Linguistics, Research School of Pacific and Asian Studies, The Australian National University}}	Central	ngangay katua tjugeluy (Tjaɫakavus village, p.265)
PaiwanCh2_060.xml	PaiwanCh2_060_SHRIMP AND TREE-LIZARD	Early, R. J., & Whitehorn, J. (2003). One hundred Paiwan texts. Pacific Linguistics, Research School of Pacific and Asian Studies, The Australian National University.	@book{100paiwantexts, author = {Robert Early and John Whitehorn}, title = {One Hundred Paiwan Texts}, year = {2003}, publisher = {Pacific Linguistics, Research School of Pacific and Asian Studies, The Australian National University}}	Central	Quzang kati Tjingangaḍuy (Kaviangan village, p.268)
PaiwanCh2_061.xml	PaiwanCh2_061_MUAKAKAI	Early, R. J., & Whitehorn, J. (2003). One hundred Paiwan texts. Pacific Linguistics, Research School of Pacific and Asian Studies, The Australian National University.	@book{100paiwantexts, author = {Robert Early and John Whitehorn}, title = {One Hundred Paiwan Texts}, year = {2003}, publisher = {Pacific Linguistics, Research School of Pacific and Asian Studies, The Australian National University}}	Central	Muakakai (Kaviangan village, p.269)
PaiwanCh2_062.xml	PaiwanCh2_062_THE EVIL-EYE MAN	Early, R. J., & Whitehorn, J. (2003). One hundred Paiwan texts. Pacific Linguistics, Research School of Pacific and Asian Studies, The Australian National University.	@book{100paiwantexts, author = {Robert Early and John Whitehorn}, title = {One Hundred Paiwan Texts}, year = {2003}, publisher = {Pacific Linguistics, Research School of Pacific and Asian Studies, The Australian National University}}	Central	paɫi (Kaviangan village, p.271)
PaiwanCh2_063.xml	PaiwanCh2_063_THE PEOPLE OF PADAIN AND KAPAYUANAN	Early, R. J., & Whitehorn, J. (2003). One hundred Paiwan texts. Pacific Linguistics, Research School of Pacific and Asian Studies, The Australian National University.	@book{100paiwantexts, author = {Robert Early and John Whitehorn}, title = {One Hundred Paiwan Texts}, year = {2003}, publisher = {Pacific Linguistics, Research School of Pacific and Asian Studies, The Australian National University}}	Northern	se Padain kata se Kapayuanan (Kapayuanan village, p.273)
PaiwanCh2_064.xml	PaiwanCh2_064_TWO SUNS	Early, R. J., & Whitehorn, J. (2003). One hundred Paiwan texts. Pacific Linguistics, Research School of Pacific and Asian Studies, The Australian National University.	@book{100paiwantexts, author = {Robert Early and John Whitehorn}, title = {One Hundred Paiwan Texts}, year = {2003}, publisher = {Pacific Linguistics, Research School of Pacific and Asian Studies, The Australian National University}}	Northern	ḍusa a qadaw (Kapayuanan village, p.274)
PaiwanCh2_065.xml	PaiwanCh2_065_DRIQUQU	Early, R. J., & Whitehorn, J. (2003). One hundred Paiwan texts. Pacific Linguistics, Research School of Pacific and Asian Studies, The Australian National University.	@book{100paiwantexts, author = {Robert Early and John Whitehorn}, title = {One Hundred Paiwan Texts}, year = {2003}, publisher = {Pacific Linguistics, Research School of Pacific and Asian Studies, The Australian National University}}	Northern	Ḍiququ (Kapayuanan village, p.274)
PaiwanCh2_066.xml	PaiwanCh2_066_COOKING MILLET	Early, R. J., & Whitehorn, J. (2003). One hundred Paiwan texts. Pacific Linguistics, Research School of Pacific and Asian Studies, The Australian National University.	@book{100paiwantexts, author = {Robert Early and John Whitehorn}, title = {One Hundred Paiwan Texts}, year = {2003}, publisher = {Pacific Linguistics, Research School of Pacific and Asian Studies, The Australian National University}}	Northern	kemsa ta vaqu (Kapayuanan village, p.276)
PaiwanCh2_067.xml	PaiwanCh2_067_TUMAPALAPALAI AND KAVULUNGAN MOUNTAINS	Early, R. J., & Whitehorn, J. (2003). One hundred Paiwan texts. Pacific Linguistics, Research School of Pacific and Asian Studies, The Australian National University.	@book{100paiwantexts, author = {Robert Early and John Whitehorn}, title = {One Hundred Paiwan Texts}, year = {2003}, publisher = {Pacific Linguistics, Research School of Pacific and Asian Studies, The Australian National University}}	Northern	Tumapalapalai kata Kavulungan (Kapayuanan village, p.277)
PaiwanCh2_068.xml	PaiwanCh2_068_THE FLOOD	Early, R. J., & Whitehorn, J. (2003). One hundred Paiwan texts. Pacific Linguistics, Research School of Pacific and Asian Studies, The Australian National University.	@book{100paiwantexts, author = {Robert Early and John Whitehorn}, title = {One Hundred Paiwan Texts}, year = {2003}, publisher = {Pacific Linguistics, Research School of Pacific and Asian Studies, The Australian National University}}	Northern	qatsa a zaɫum (Kapayuanan village, p.277)
PaiwanCh2_069.xml	PaiwanCh2_069_SAULIVAN	Early, R. J., & Whitehorn, J. (2003). One hundred Paiwan texts. Pacific Linguistics, Research School of Pacific and Asian Studies, The Australian National University.	@book{100paiwantexts, author = {Robert Early and John Whitehorn}, title = {One Hundred Paiwan Texts}, year = {2003}, publisher = {Pacific Linguistics, Research School of Pacific and Asian Studies, The Australian National University}}	Northern	Saulivan (Kapayuanan village, p.279)
PaiwanCh2_070.xml	PaiwanCh2_070_TAIL AND PIRI	Early, R. J., & Whitehorn, J. (2003). One hundred Paiwan texts. Pacific Linguistics, Research School of Pacific and Asian Studies, The Australian National University.	@book{100paiwantexts, author = {Robert Early and John Whitehorn}, title = {One Hundred Paiwan Texts}, year = {2003}, publisher = {Pacific Linguistics, Research School of Pacific and Asian Studies, The Australian National University}}	Northern	Tail kati Piri (Tjukuvuɫ village, p.280)
PaiwanCh2_071.xml	PaiwanCh2_071_THE ORPHANS AND THE CROW	Early, R. J., & Whitehorn, J. (2003). One hundred Paiwan texts. Pacific Linguistics, Research School of Pacific and Asian Studies, The Australian National University.	@book{100paiwantexts, author = {Robert Early and John Whitehorn}, title = {One Hundred Paiwan Texts}, year = {2003}, publisher = {Pacific Linguistics, Research School of Pacific and Asian Studies, The Australian National University}}	Northern	mapuɫu katua qaqa (Tjukuvuɫ village, p.281)
PaiwanCh2_072.xml	PaiwanCh2_072_SAPULUNGAN AND MUAKAI	Early, R. J., & Whitehorn, J. (2003). One hundred Paiwan texts. Pacific Linguistics, Research School of Pacific and Asian Studies, The Australian National University.	@book{100paiwantexts, author = {Robert Early and John Whitehorn}, title = {One Hundred Paiwan Texts}, year = {2003}, publisher = {Pacific Linguistics, Research School of Pacific and Asian Studies, The Australian National University}}	Northern	Sapulungan kati Muakai (Tjukuvuɫ village, p.285)
PaiwanCh2_073.xml	PaiwanCh2_073_MUAKAI	Early, R. J., & Whitehorn, J. (2003). One hundred Paiwan texts. Pacific Linguistics, Research School of Pacific and Asian Studies, The Australian National University.	@book{100paiwantexts, author = {Robert Early and John Whitehorn}, title = {One Hundred Paiwan Texts}, year = {2003}, publisher = {Pacific Linguistics, Research School of Pacific and Asian Studies, The Australian National University}}	Northern	Muakai (Tjukuvuɫ village, p.288)
PaiwanCh2_074.xml	PaiwanCh2_074_THE WHITE STONE AT VALIVALIW	Early, R. J., & Whitehorn, J. (2003). One hundred Paiwan texts. Pacific Linguistics, Research School of Pacific and Asian Studies, The Australian National University.	@book{100paiwantexts, author = {Robert Early and John Whitehorn}, title = {One Hundred Paiwan Texts}, year = {2003}, publisher = {Pacific Linguistics, Research School of Pacific and Asian Studies, The Australian National University}}	Northern	mui i Valivaliw (Tjukuvuɫ village, p.292)
PaiwanCh2_075.xml	PaiwanCh2_075_THE ANT-EATER AND THE RABBIT	Early, R. J., & Whitehorn, J. (2003). One hundred Paiwan texts. Pacific Linguistics, Research School of Pacific and Asian Studies, The Australian National University.	@book{100paiwantexts, author = {Robert Early and John Whitehorn}, title = {One Hundred Paiwan Texts}, year = {2003}, publisher = {Pacific Linguistics, Research School of Pacific and Asian Studies, The Australian National University}}	Northern	told by Giɫgiɫaw of Vaɫulu village
PaiwanCh2_076.xml	PaiwanCh2_076_CHILDREN UP A TREE	Early, R. J., & Whitehorn, J. (2003). One hundred Paiwan texts. Pacific Linguistics, Research School of Pacific and Asian Studies, The Australian National University.	@book{100paiwantexts, author = {Robert Early and John Whitehorn}, title = {One Hundred Paiwan Texts}, year = {2003}, publisher = {Pacific Linguistics, Research School of Pacific and Asian Studies, The Australian National University}}	Northern	told by Giɫgiɫaw of Vaɫulu village
PaiwanCh2_077.xml	PaiwanCh2_077_DREAMS	Early, R. J., & Whitehorn, J. (2003). One hundred Paiwan texts. Pacific Linguistics, Research School of Pacific and Asian Studies, The Australian National University.	@book{100paiwantexts, author = {Robert Early and John Whitehorn}, title = {One Hundred Paiwan Texts}, year = {2003}, publisher = {Pacific Linguistics, Research School of Pacific and Asian Studies, The Australian National University}}	Northern	told by Giɫgiɫaw of Vaɫulu village
PaiwanCh2_078.xml	PaiwanCh2_078_WORK IN FIELDS	Early, R. J., & Whitehorn, J. (2003). One hundred Paiwan texts. Pacific Linguistics, Research School of Pacific and Asian Studies, The Australian National University.	@book{100paiwantexts, author = {Robert Early and John Whitehorn}, title = {One Hundred Paiwan Texts}, year = {2003}, publisher = {Pacific Linguistics, Research School of Pacific and Asian Studies, The Australian National University}}	Northern	told by Giɫgiɫaw of Vaɫulu village
PaiwanCh2_079.xml	PaiwanCh2_079_MY LIFE	Early, R. J., & Whitehorn, J. (2003). One hundred Paiwan texts. Pacific Linguistics, Research School of Pacific and Asian Studies, The Australian National University.	@book{100paiwantexts, author = {Robert Early and John Whitehorn}, title = {One Hundred Paiwan Texts}, year = {2003}, publisher = {Pacific Linguistics, Research School of Pacific and Asian Studies, The Australian National University}}	Northern	told by Giɫgiɫaw of Vaɫulu village
PaiwanCh2_080.xml	PaiwanCh2_080_PLAYING AT HUNTING	Early, R. J., & Whitehorn, J. (2003). One hundred Paiwan texts. Pacific Linguistics, Research School of Pacific and Asian Studies, The Australian National University.	@book{100paiwantexts, author = {Robert Early and John Whitehorn}, title = {One Hundred Paiwan Texts}, year = {2003}, publisher = {Pacific Linguistics, Research School of Pacific and Asian Studies, The Australian National University}}	Northern	told by Giɫgiɫaw of Vaɫulu village
PaiwanCh2_081.xml	PaiwanCh2_081_MICE SOLDIERS	Early, R. J., & Whitehorn, J. (2003). One hundred Paiwan texts. Pacific Linguistics, Research School of Pacific and Asian Studies, The Australian National University.	@book{100paiwantexts, author = {Robert Early and John Whitehorn}, title = {One Hundred Paiwan Texts}, year = {2003}, publisher = {Pacific Linguistics, Research School of Pacific and Asian Studies, The Australian National University}}	Northern	told by Giɫgiɫaw of Vaɫulu village
PaiwanCh2_082.xml	PaiwanCh2_082_OWLS AND CHILDREN	Early, R. J., & Whitehorn, J. (2003). One hundred Paiwan texts. Pacific Linguistics, Research School of Pacific and Asian Studies, The Australian National University.	@book{100paiwantexts, author = {Robert Early and John Whitehorn}, title = {One Hundred Paiwan Texts}, year = {2003}, publisher = {Pacific Linguistics, Research School of Pacific and Asian Studies, The Australian National University}}	Northern	told by Giɫgiɫaw of Vaɫulu village
PaiwanCh2_083.xml	PaiwanCh2_083_PANGOLIN (ANT-EATER)	Early, R. J., & Whitehorn, J. (2003). One hundred Paiwan texts. Pacific Linguistics, Research School of Pacific and Asian Studies, The Australian National University.	@book{100paiwantexts, author = {Robert Early and John Whitehorn}, title = {One Hundred Paiwan Texts}, year = {2003}, publisher = {Pacific Linguistics, Research School of Pacific and Asian Studies, The Australian National University}}	Northern	told by Giɫgiɫaw of Vaɫulu village
PaiwanCh2_084.xml	PaiwanCh2_084_PIYAQAN AND TSABⱢIⱢAQ	Early, R. J., & Whitehorn, J. (2003). One hundred Paiwan texts. Pacific Linguistics, Research School of Pacific and Asian Studies, The Australian National University.	@book{100paiwantexts, author = {Robert Early and John Whitehorn}, title = {One Hundred Paiwan Texts}, year = {2003}, publisher = {Pacific Linguistics, Research School of Pacific and Asian Studies, The Australian National University}}	Northern	told by Giɫgiɫaw of Vaɫulu village
PaiwanCh2_085.xml	PaiwanCh2_085_SHAMAN	Early, R. J., & Whitehorn, J. (2003). One hundred Paiwan texts. Pacific Linguistics, Research School of Pacific and Asian Studies, The Australian National University.	@book{100paiwantexts, author = {Robert Early and John Whitehorn}, title = {One Hundred Paiwan Texts}, year = {2003}, publisher = {Pacific Linguistics, Research School of Pacific and Asian Studies, The Australian National University}}	Northern	told by Giɫgiɫaw of Vaɫulu village
PaiwanCh2_086.xml	PaiwanCh2_086_SNAILS	Early, R. J., & Whitehorn, J. (2003). One hundred Paiwan texts. Pacific Linguistics, Research School of Pacific and Asian Studies, The Australian National University.	@book{100paiwantexts, author = {Robert Early and John Whitehorn}, title = {One Hundred Paiwan Texts}, year = {2003}, publisher = {Pacific Linguistics, Research School of Pacific and Asian Studies, The Australian National University}}	Northern	told by Giɫgiɫaw of Vaɫulu village
PaiwanCh2_087.xml	PaiwanCh2_087_TABOOS	Early, R. J., & Whitehorn, J. (2003). One hundred Paiwan texts. Pacific Linguistics, Research School of Pacific and Asian Studies, The Australian National University.	@book{100paiwantexts, author = {Robert Early and John Whitehorn}, title = {One Hundred Paiwan Texts}, year = {2003}, publisher = {Pacific Linguistics, Research School of Pacific and Asian Studies, The Australian National University}}	Northern	told by Giɫgiɫaw of Vaɫulu village
PaiwanCh2_088.xml	PaiwanCh2_088_WEDDINGS	Early, R. J., & Whitehorn, J. (2003). One hundred Paiwan texts. Pacific Linguistics, Research School of Pacific and Asian Studies, The Australian National University.	@book{100paiwantexts, author = {Robert Early and John Whitehorn}, title = {One Hundred Paiwan Texts}, year = {2003}, publisher = {Pacific Linguistics, Research School of Pacific and Asian Studies, The Australian National University}}	Northern	told by Giɫgiɫaw of Vaɫulu village
PaiwanCh2_089.xml	PaiwanCh2_089_THE DRUNKARD RETURNS HOME	Early, R. J., & Whitehorn, J. (2003). One hundred Paiwan texts. Pacific Linguistics, Research School of Pacific and Asian Studies, The Australian National University.	@book{100paiwantexts, author = {Robert Early and John Whitehorn}, title = {One Hundred Paiwan Texts}, year = {2003}, publisher = {Pacific Linguistics, Research School of Pacific and Asian Studies, The Australian National University}}	Northern	conversation piece, Vaɫulu dialect
PaiwanCh2_090.xml	PaiwanCh2_090_HARVEST PROSPECTS	Early, R. J., & Whitehorn, J. (2003). One hundred Paiwan texts. Pacific Linguistics, Research School of Pacific and Asian Studies, The Australian National University.	@book{100paiwantexts, author = {Robert Early and John Whitehorn}, title = {One Hundred Paiwan Texts}, year = {2003}, publisher = {Pacific Linguistics, Research School of Pacific and Asian Studies, The Australian National University}}	unknown	conversation piece
PaiwanCh2_091.xml	PaiwanCh2_091_KUⱢEⱢEⱢEⱢE AND PULELELELENGAN	Early, R. J., & Whitehorn, J. (2003). One hundred Paiwan texts. Pacific Linguistics, Research School of Pacific and Asian Studies, The Australian National University.	@book{100paiwantexts, author = {Robert Early and John Whitehorn}, title = {One Hundred Paiwan Texts}, year = {2003}, publisher = {Pacific Linguistics, Research School of Pacific and Asian Studies, The Australian National University}}	unknown	001 izua aya tua ku milimilingan, izua aya zua maraɫak a ti
PaiwanCh2_092.xml	PaiwanCh2_092_WEDDING CONSULTATION	Early, R. J., & Whitehorn, J. (2003). One hundred Paiwan texts. Pacific Linguistics, Research School of Pacific and Asian Studies, The Australian National University.	@book{100paiwantexts, author = {Robert Early and John Whitehorn}, title = {One Hundred Paiwan Texts}, year = {2003}, publisher = {Pacific Linguistics, Research School of Pacific and Asian Studies, The Australian National University}}	Northern	Vaɫulu dialect
PaiwanCh2_093.xml	PaiwanCh2_093_MESSAGE TO PEOPLE IN ENGLAND (1)	Early, R. J., & Whitehorn, J. (2003). One hundred Paiwan texts. Pacific Linguistics, Research School of Pacific and Asian Studies, The Australian National University.	@book{100paiwantexts, author = {Robert Early and John Whitehorn}, title = {One Hundred Paiwan Texts}, year = {2003}, publisher = {Pacific Linguistics, Research School of Pacific and Asian Studies, The Australian National University}}	Northern	Vaɫulu dialect
PaiwanCh2_094.xml	PaiwanCh2_094_MESSAGE TO PEOPLE IN ENGLAND (2)	Early, R. J., & Whitehorn, J. (2003). One hundred Paiwan texts. Pacific Linguistics, Research School of Pacific and Asian Studies, The Australian National University.	@book{100paiwantexts, author = {Robert Early and John Whitehorn}, title = {One Hundred Paiwan Texts}, year = {2003}, publisher = {Pacific Linguistics, Research School of Pacific and Asian Studies, The Australian National University}}	Northern	Vaɫulu dialect
PaiwanCh2_095.xml	PaiwanCh2_095_PRAYER	Early, R. J., & Whitehorn, J. (2003). One hundred Paiwan texts. Pacific Linguistics, Research School of Pacific and Asian Studies, The Australian National University.	@book{100paiwantexts, author = {Robert Early and John Whitehorn}, title = {One Hundred Paiwan Texts}, year = {2003}, publisher = {Pacific Linguistics, Research School of Pacific and Asian Studies, The Australian National University}}	Central	Makazayazaya dialect
PaiwanCh2_096.xml	PaiwanCh2_096_SERMON AND PRAYER	Early, R. J., & Whitehorn, J. (2003). One hundred Paiwan texts. Pacific Linguistics, Research School of Pacific and Asian Studies, The Australian National University.	@book{100paiwantexts, author = {Robert Early and John Whitehorn}, title = {One Hundred Paiwan Texts}, year = {2003}, publisher = {Pacific Linguistics, Research School of Pacific and Asian Studies, The Australian National University}}	Northern	Vaɫulu dialect
PaiwanCh2_097.xml	PaiwanCh2_097_FAREWELL MESSAGE (1)	Early, R. J., & Whitehorn, J. (2003). One hundred Paiwan texts. Pacific Linguistics, Research School of Pacific and Asian Studies, The Australian National University.	@book{100paiwantexts, author = {Robert Early and John Whitehorn}, title = {One Hundred Paiwan Texts}, year = {2003}, publisher = {Pacific Linguistics, Research School of Pacific and Asian Studies, The Australian National University}}	unknown	Dialect not noted
PaiwanCh2_098.xml	PaiwanCh2_098_FAREWELL MESSAGE (2)	Early, R. J., & Whitehorn, J. (2003). One hundred Paiwan texts. Pacific Linguistics, Research School of Pacific and Asian Studies, The Australian National University.	@book{100paiwantexts, author = {Robert Early and John Whitehorn}, title = {One Hundred Paiwan Texts}, year = {2003}, publisher = {Pacific Linguistics, Research School of Pacific and Asian Studies, The Australian National University}}	Central	
PaiwanCh2_099.xml	PaiwanCh2_099_FAREWELL MESSAGE (3)	Early, R. J., & Whitehorn, J. (2003). One hundred Paiwan texts. Pacific Linguistics, Research School of Pacific and Asian Studies, The Australian National University.	@book{100paiwantexts, author = {Robert Early and John Whitehorn}, title = {One Hundred Paiwan Texts}, year = {2003}, publisher = {Pacific Linguistics, Research School of Pacific and Asian Studies, The Australian National University}}	unknown	Dialect not noted
PaiwanCh2_100.xml	PaiwanCh2_100_FAREWELL MESSAGE (4)	Early, R. J., & Whitehorn, J. (2003). One hundred Paiwan texts. Pacific Linguistics, Research School of Pacific and Asian Studies, The Australian National University.	@book{100paiwantexts, author = {Robert Early and John Whitehorn}, title = {One Hundred Paiwan Texts}, year = {2003}, publisher = {Pacific Linguistics, Research School of Pacific and Asian Studies, The Australian National University}}	Northern	Vaɫulu dialect
